y_true,proba,rank,contact_rate,cum_buyers,gain,random_gain,lift,model,version
1,0.9973014,1,0.00040966816878328555,1,0.002617801047120419,0.00040966816878328555,6.390052356020942,XGBoost,tuned
1,0.9953223,2,0.0008193363375665711,2,0.005235602094240838,0.0008193363375665711,6.390052356020942,XGBoost,tuned
1,0.9952106,3,0.0012290045063498567,3,0.007853403141361256,0.0012290045063498567,6.3900523560209415,XGBoost,tuned
1,0.9935969,4,0.0016386726751331422,4,0.010471204188481676,0.0016386726751331422,6.390052356020942,XGBoost,tuned
1,0.99297196,5,0.0020483408439164277,5,0.013089005235602094,0.0020483408439164277,6.390052356020942,XGBoost,tuned
1,0.9926443,6,0.0024580090126997134,6,0.015706806282722512,0.0024580090126997134,6.3900523560209415,XGBoost,tuned
1,0.9922134,7,0.0028676771814829987,7,0.01832460732984293,0.0028676771814829987,6.390052356020942,XGBoost,tuned
1,0.9917175,8,0.0032773453502662844,8,0.020942408376963352,0.0032773453502662844,6.390052356020942,XGBoost,tuned
1,0.9907039,9,0.0036870135190495697,9,0.02356020942408377,0.0036870135190495697,6.390052356020943,XGBoost,tuned
1,0.9903376,10,0.004096681687832855,10,0.02617801047120419,0.004096681687832855,6.390052356020942,XGBoost,tuned
1,0.98953784,11,0.004506349856616141,11,0.028795811518324606,0.004506349856616141,6.390052356020942,XGBoost,tuned
1,0.9894559,12,0.004916018025399427,12,0.031413612565445025,0.004916018025399427,6.3900523560209415,XGBoost,tuned
1,0.9894448,13,0.005325686194182712,13,0.034031413612565446,0.005325686194182712,6.390052356020942,XGBoost,tuned
1,0.9892692,14,0.005735354362965997,14,0.03664921465968586,0.005735354362965997,6.390052356020942,XGBoost,tuned
1,0.9884769,15,0.0061450225317492835,15,0.03926701570680628,0.0061450225317492835,6.390052356020942,XGBoost,tuned
1,0.98747444,16,0.006554690700532569,16,0.041884816753926704,0.006554690700532569,6.390052356020942,XGBoost,tuned
1,0.98744977,17,0.006964358869315854,17,0.04450261780104712,0.006964358869315854,6.390052356020942,XGBoost,tuned
1,0.9872792,18,0.007374027038099139,18,0.04712041884816754,0.007374027038099139,6.390052356020943,XGBoost,tuned
1,0.98605007,19,0.0077836952068824255,19,0.049738219895287955,0.0077836952068824255,6.3900523560209415,XGBoost,tuned
1,0.98602563,20,0.00819336337566571,20,0.05235602094240838,0.00819336337566571,6.390052356020942,XGBoost,tuned
1,0.9837922,21,0.008603031544448997,21,0.0549738219895288,0.008603031544448997,6.390052356020942,XGBoost,tuned
1,0.983528,22,0.009012699713232281,22,0.05759162303664921,0.009012699713232281,6.390052356020942,XGBoost,tuned
1,0.9834415,23,0.009422367882015567,23,0.060209424083769635,0.009422367882015567,6.390052356020942,XGBoost,tuned
1,0.98319787,24,0.009832036050798854,24,0.06282722513089005,0.009832036050798854,6.3900523560209415,XGBoost,tuned
1,0.98288894,25,0.010241704219582138,25,0.06544502617801047,0.010241704219582138,6.390052356020942,XGBoost,tuned
1,0.98158884,26,0.010651372388365424,26,0.06806282722513089,0.010651372388365424,6.390052356020942,XGBoost,tuned
1,0.9814827,27,0.01106104055714871,27,0.07068062827225131,0.01106104055714871,6.390052356020942,XGBoost,tuned
1,0.9808585,28,0.011470708725931995,28,0.07329842931937172,0.011470708725931995,6.390052356020942,XGBoost,tuned
1,0.9807922,29,0.01188037689471528,29,0.07591623036649214,0.01188037689471528,6.390052356020942,XGBoost,tuned
1,0.98066336,30,0.012290045063498567,30,0.07853403141361257,0.012290045063498567,6.390052356020942,XGBoost,tuned
1,0.98064536,31,0.012699713232281851,31,0.08115183246073299,0.012699713232281851,6.390052356020942,XGBoost,tuned
1,0.98043746,32,0.013109381401065138,32,0.08376963350785341,0.013109381401065138,6.390052356020942,XGBoost,tuned
1,0.9791726,33,0.013519049569848422,33,0.08638743455497382,0.013519049569848422,6.390052356020942,XGBoost,tuned
1,0.97881067,34,0.013928717738631708,34,0.08900523560209424,0.013928717738631708,6.390052356020942,XGBoost,tuned
1,0.97874135,35,0.014338385907414994,35,0.09162303664921466,0.014338385907414994,6.390052356020942,XGBoost,tuned
1,0.97857946,36,0.014748054076198279,36,0.09424083769633508,0.014748054076198279,6.390052356020943,XGBoost,tuned
1,0.9779248,37,0.015157722244981565,37,0.0968586387434555,0.015157722244981565,6.390052356020943,XGBoost,tuned
1,0.9775555,38,0.015567390413764851,38,0.09947643979057591,0.015567390413764851,6.3900523560209415,XGBoost,tuned
0,0.97668195,39,0.015977058582548137,38,0.09947643979057591,0.015977058582548137,6.226204859712713,XGBoost,tuned
1,0.97630465,40,0.01638672675133142,39,0.10209424083769633,0.01638672675133142,6.2303010471204185,XGBoost,tuned
1,0.9760007,41,0.016796394920114706,40,0.10471204188481675,0.016796394920114706,6.234197420508237,XGBoost,tuned
1,0.97571826,42,0.017206063088897994,41,0.10732984293193717,0.017206063088897994,6.237908252306158,XGBoost,tuned
1,0.97567165,43,0.017615731257681278,42,0.1099476439790576,0.017615731257681278,6.24144648727627,XGBoost,tuned
1,0.9743391,44,0.018025399426464563,43,0.112565445026178,0.018025399426464563,6.244823893384103,XGBoost,tuned
1,0.97298276,45,0.01843506759524785,44,0.11518324607329843,0.01843506759524785,6.24805119255381,XGBoost,tuned
1,0.97159576,46,0.018844735764031135,45,0.11780104712041885,0.018844735764031135,6.251138174368313,XGBoost,tuned
1,0.97143453,47,0.01925440393281442,46,0.12041884816753927,0.01925440393281442,6.25409379525454,XGBoost,tuned
1,0.9705185,48,0.019664072101597707,47,0.12303664921465969,0.019664072101597707,6.256926265270506,XGBoost,tuned
1,0.96903235,49,0.02007374027038099,48,0.1256544502617801,0.02007374027038099,6.259643124265413,XGBoost,tuned
1,0.96781296,50,0.020483408439164276,49,0.12827225130890052,0.020483408439164276,6.262251308900524,XGBoost,tuned
1,0.9676693,51,0.020893076607947564,50,0.13089005235602094,0.020893076607947564,6.264757211785237,XGBoost,tuned
1,0.96753883,52,0.021302744776730848,51,0.13350785340314136,0.021302744776730848,6.267166733789771,XGBoost,tuned
1,0.9675057,53,0.021712412945514133,52,0.13612565445026178,0.021712412945514133,6.269485330435642,XGBoost,tuned
1,0.96697026,54,0.02212208111429742,53,0.1387434554973822,0.02212208111429742,6.271718053131665,XGBoost,tuned
1,0.9669368,55,0.022531749283080705,54,0.14136125654450263,0.022531749283080705,6.273869585911471,XGBoost,tuned
1,0.96620595,56,0.02294141745186399,55,0.14397905759162305,0.02294141745186399,6.275944278234855,XGBoost,tuned
1,0.9648063,57,0.023351085620647277,56,0.14659685863874344,0.023351085620647277,6.277946174336363,XGBoost,tuned
1,0.96471614,58,0.02376075378943056,57,0.14921465968586387,0.02376075378943056,6.279879039537822,XGBoost,tuned
1,0.96404916,59,0.024170421958213846,58,0.1518324607329843,0.024170421958213846,6.281746383884994,XGBoost,tuned
1,0.9627503,60,0.024580090126997134,59,0.1544502617801047,0.024580090126997134,6.2835514834205926,XGBoost,tuned
1,0.9615053,61,0.02498975829578042,60,0.15706806282722513,0.02498975829578042,6.285297399364861,XGBoost,tuned
1,0.96014583,62,0.025399426464563703,61,0.15968586387434555,0.025399426464563703,6.2869869954399595,XGBoost,tuned
1,0.9601364,63,0.02580909463334699,62,0.16230366492146597,0.02580909463334699,6.28862295354442,XGBoost,tuned
1,0.9588326,64,0.026218762802130275,63,0.1649214659685864,0.026218762802130275,6.290207787958115,XGBoost,tuned
1,0.9585518,65,0.02662843097091356,64,0.16753926701570682,0.02662843097091356,6.291743858236005,XGBoost,tuned
0,0.95807874,66,0.027038099139696844,64,0.16753926701570682,0.027038099139696844,6.196414405838491,XGBoost,tuned
1,0.9580594,67,0.02744776730848013,65,0.17015706806282724,0.02744776730848013,6.199304524497929,XGBoost,tuned
1,0.95739186,68,0.027857435477263416,66,0.17277486910994763,0.027857435477263416,6.202109639667385,XGBoost,tuned
1,0.9565939,69,0.0282671036460467,67,0.17539267015706805,0.0282671036460467,6.2048334471507705,XGBoost,tuned
0,0.95591116,70,0.02867677181482999,67,0.17539267015706805,0.02867677181482999,6.11619296933433,XGBoost,tuned
1,0.9547211,71,0.029086439983613273,68,0.17801047120418848,0.029086439983613273,6.120050143794705,XGBoost,tuned
0,0.9537957,72,0.029496108152396557,68,0.17801047120418848,0.029496108152396557,6.035049447353113,XGBoost,tuned
1,0.95186865,73,0.029905776321179845,69,0.1806282722513089,0.029905776321179845,6.039912500896507,XGBoost,tuned
1,0.9499423,74,0.03031544448996313,70,0.18324607329842932,0.03031544448996313,6.044644120560351,XGBoost,tuned
1,0.9491597,75,0.030725112658746414,71,0.18586387434554974,0.030725112658746414,6.049249563699826,XGBoost,tuned
1,0.94804686,76,0.031134780827529702,72,0.18848167539267016,0.031134780827529702,6.053733810967208,XGBoost,tuned
1,0.946556,77,0.031544448996312986,73,0.19109947643979058,0.031544448996312986,6.058101584279595,XGBoost,tuned
0,0.94602716,78,0.031954117165096274,73,0.19109947643979058,0.031954117165096274,5.980433615250369,XGBoost,tuned
1,0.94558895,79,0.032363785333879555,74,0.193717277486911,0.032363785333879555,5.985618662601897,XGBoost,tuned
1,0.9447567,80,0.03277345350266284,75,0.19633507853403143,0.03277345350266284,5.990674083769634,XGBoost,tuned
1,0.9442475,81,0.03318312167144613,76,0.19895287958115182,0.03318312167144613,5.995604679723352,XGBoost,tuned
1,0.94286877,82,0.03359278984022941,77,0.20157068062827224,0.03359278984022941,6.0004150172391775,XGBoost,tuned
1,0.9419266,83,0.0340024580090127,78,0.20418848167539266,0.0340024580090127,6.005109443007632,XGBoost,tuned
1,0.94068694,84,0.03441212617779599,79,0.20680628272251309,0.03441212617779599,6.009692096733981,XGBoost,tuned
1,0.93987954,85,0.03482179434657927,80,0.2094240837696335,0.03482179434657927,6.014166923313828,XGBoost,tuned
0,0.9392317,86,0.035231462515362556,80,0.2094240837696335,0.035231462515362556,5.944234749786923,XGBoost,tuned
1,0.93859315,87,0.035641130684145844,81,0.21204188481675393,0.035641130684145844,5.949359090088463,XGBoost,tuned
1,0.93802685,88,0.036050798852929125,82,0.21465968586387435,0.036050798852929125,5.954366968110424,XGBoost,tuned
0,0.9379676,89,0.03646046702171241,82,0.21465968586387435,0.03646046702171241,5.887463968468734,XGBoost,tuned
1,0.9365668,90,0.0368701351904957,83,0.21727748691099477,0.0368701351904957,5.89304828388598,XGBoost,tuned
1,0.93515366,91,0.03727980335927898,84,0.2198952879581152,0.03727980335927898,5.898509867096255,XGBoost,tuned
0,0.9335816,92,0.03768947152806227,84,0.2198952879581152,0.03768947152806227,5.834395629410426,XGBoost,tuned
1,0.9314559,93,0.03809913969684556,85,0.22251308900523561,0.03809913969684556,5.8403704329223665,XGBoost,tuned
1,0.9314552,94,0.03850880786562884,86,0.225130890052356,0.03850880786562884,5.84621811295533,XGBoost,tuned
1,0.92866915,95,0.038918476034412126,87,0.22774869109947643,0.038918476034412126,5.851942683934968,XGBoost,tuned
1,0.9286002,96,0.039328144203195414,88,0.23036649214659685,0.039328144203195414,5.857547993019197,XGBoost,tuned
1,0.928309,97,0.039737812371978695,89,0.23298429319371727,0.039737812371978695,5.863037728720246,XGBoost,tuned
1,0.9282576,98,0.04014748054076198,90,0.2356020942408377,0.04014748054076198,5.868415428998825,XGBoost,tuned
0,0.92742485,99,0.04055714870954527,90,0.2356020942408377,0.04055714870954527,5.809138505473584,XGBoost,tuned
1,0.9273115,100,0.04096681687832855,91,0.23821989528795812,0.04096681687832855,5.814947643979058,XGBoost,tuned
0,0.9271518,101,0.04137648504711184,91,0.23821989528795812,0.04137648504711184,5.75737390492976,XGBoost,tuned
1,0.92404735,102,0.04178615321589513,92,0.24083769633507854,0.04178615321589513,5.763576634842418,XGBoost,tuned
1,0.9222862,103,0.04219582138467841,93,0.24345549738219896,0.04219582138467841,5.76965892339755,XGBoost,tuned
1,0.9219975,104,0.042605489553461696,94,0.24607329842931938,0.042605489553461696,5.7756242448650825,XGBoost,tuned
0,0.9218119,105,0.043015157722244984,94,0.24607329842931938,0.043015157722244984,5.720618299675891,XGBoost,tuned
1,0.921035,106,0.043424825891028265,95,0.2486910994764398,0.043424825891028265,5.726933715301788,XGBoost,tuned
1,0.91700745,107,0.04383449405981155,96,0.2513089005235602,0.04383449405981155,5.733131085775798,XGBoost,tuned
1,0.916526,108,0.04424416222859484,97,0.25392670157068065,0.04424416222859484,5.739213690129921,XGBoost,tuned
1,0.91583717,109,0.04465383039737812,98,0.25654450261780104,0.04465383039737812,5.7451846870647,XGBoost,tuned
0,0.9145345,110,0.04506349856616141,98,0.25654450261780104,0.04506349856616141,5.692955735364112,XGBoost,tuned
1,0.91426945,111,0.0454731667349447,99,0.2591623036649215,0.0454731667349447,5.6992358850997595,XGBoost,tuned
0,0.91350025,112,0.04588283490372798,99,0.2591623036649215,0.04588283490372798,5.648349850411369,XGBoost,tuned
1,0.9089876,113,0.04629250307251127,100,0.2617801047120419,0.04629250307251127,5.654913589399064,XGBoost,tuned
1,0.9078295,114,0.046702171241294554,101,0.2643979057591623,0.046702171241294554,5.661362175071185,XGBoost,tuned
0,0.9077857,115,0.047111839410077835,101,0.2643979057591623,0.047111839410077835,5.612132938766218,XGBoost,tuned
1,0.90530056,116,0.04752150757886112,102,0.2670157068062827,0.04752150757886112,5.618839140639104,XGBoost,tuned
1,0.9036059,117,0.04793117574764441,103,0.2696335078534031,0.04793117574764441,5.625430706582538,XGBoost,tuned
1,0.90182716,118,0.04834084391642769,104,0.27225130890052357,0.04834084391642769,5.631910551069305,XGBoost,tuned
0,0.9016785,119,0.04875051208521098,104,0.27225130890052357,0.04875051208521098,5.584583571648555,XGBoost,tuned
1,0.9014689,120,0.04916018025399427,105,0.27486910994764396,0.04916018025399427,5.591295811518324,XGBoost,tuned
1,0.9008404,121,0.04956984842277755,106,0.2774869109947644,0.04956984842277755,5.597897105274545,XGBoost,tuned
0,0.8991604,122,0.04997951659156084,106,0.2774869109947644,0.04997951659156084,5.552012702772294,XGBoost,tuned
1,0.8975465,123,0.050389184760344125,107,0.2801047120418848,0.050389184760344125,5.55882603328651,XGBoost,tuned
1,0.89655924,124,0.050798852929127405,108,0.28272251308900526,0.050798852929127405,5.56552947137308,XGBoost,tuned
1,0.8933359,125,0.05120852109791069,109,0.28534031413612565,0.05120852109791069,5.572125654450262,XGBoost,tuned
1,0.8926842,126,0.05161818926669398,110,0.2879581151832461,0.05161818926669398,5.578617136208759,XGBoost,tuned
0,0.89183384,127,0.05202785743547726,110,0.2879581151832461,0.05202785743547726,5.534691017026014,XGBoost,tuned
1,0.89066905,128,0.05243752560426055,111,0.2905759162303665,0.05243752560426055,5.541373527486911,XGBoost,tuned
0,0.89015895,129,0.05284719377304384,111,0.2905759162303665,0.05284719377304384,5.498417143552904,XGBoost,tuned
0,0.8900768,130,0.05325686194182712,111,0.2905759162303665,0.05325686194182712,5.456121627064036,XGBoost,tuned
1,0.88854665,131,0.05366653011061041,112,0.2931937172774869,0.05366653011061041,5.463250869269813,XGBoost,tuned
0,0.8859466,132,0.05407619827939369,112,0.2931937172774869,0.05407619827939369,5.421862605108679,XGBoost,tuned
1,0.8839269,133,0.054485866448176976,113,0.29581151832460734,0.054485866448176976,5.429142227295989,XGBoost,tuned
1,0.88387275,134,0.05489553461696026,114,0.29842931937172773,0.05489553461696026,5.436313198405876,XGBoost,tuned
1,0.88157386,135,0.055305202785743544,115,0.3010471204188482,0.055305202785743544,5.4433779329067296,XGBoost,tuned
0,0.88075036,136,0.05571487095452683,115,0.3010471204188482,0.05571487095452683,5.403353095164768,XGBoost,tuned
1,0.8802086,137,0.05612453912331012,116,0.3036649214659686,0.05612453912331012,5.410555279550579,XGBoost,tuned
1,0.88004893,138,0.0565342072920934,117,0.306282722513089,0.0565342072920934,5.417653084452539,XGBoost,tuned
1,0.87950563,139,0.05694387546087669,118,0.3089005235602094,0.05694387546087669,5.42464876266526,XGBoost,tuned
1,0.87910426,140,0.05735354362965998,119,0.31151832460732987,0.05735354362965998,5.431544502617801,XGBoost,tuned
1,0.877772,141,0.05776321179844326,120,0.31413612565445026,0.05776321179844326,5.438342430656122,XGBoost,tuned
1,0.8766361,142,0.058172879967226546,121,0.31675392670157065,0.058172879967226546,5.445044613229112,XGBoost,tuned
1,0.8757645,143,0.058582548136009834,122,0.3193717277486911,0.058582548136009834,5.4516530589829015,XGBoost,tuned
1,0.87573355,144,0.058992216304793114,123,0.3219895287958115,0.058992216304793114,5.458169720767888,XGBoost,tuned
1,0.87561446,145,0.0594018844735764,124,0.32460732984293195,0.0594018844735764,5.464596497562737,XGBoost,tuned
1,0.8753649,146,0.05981155264235969,125,0.32722513089005234,0.05981155264235969,5.4709352363193,XGBoost,tuned
0,0.87497735,147,0.06022122081114297,125,0.32722513089005234,0.06022122081114297,5.433717989813727,XGBoost,tuned
1,0.8747475,148,0.06063088897992626,126,0.3298429319371728,0.06063088897992626,5.440179708504316,XGBoost,tuned
1,0.871517,149,0.06104055714870955,127,0.3324607329842932,0.06104055714870955,5.446554692715837,XGBoost,tuned
1,0.87138003,150,0.06145022531749283,128,0.33507853403141363,0.06145022531749283,5.452844677137872,XGBoost,tuned
1,0.8690273,151,0.061859893486276116,129,0.337696335078534,0.061859893486276116,5.459051350507957,XGBoost,tuned
1,0.8684021,152,0.062269561655059404,130,0.3403141361256545,0.062269561655059404,5.465176357123175,XGBoost,tuned
0,0.86830235,153,0.06267922982384269,130,0.3403141361256545,0.06267922982384269,5.429456250213873,XGBoost,tuned
0,0.8675744,154,0.06308889799262597,130,0.3403141361256545,0.06308889799262597,5.3942000407969,XGBoost,tuned
1,0.86592126,155,0.06349856616140925,131,0.34293193717277487,0.06349856616140925,5.4006248944435065,XGBoost,tuned
1,0.8615556,156,0.06390823433019255,132,0.34554973821989526,0.06390823433019255,5.406967378171566,XGBoost,tuned
0,0.86144346,157,0.06431790249897583,132,0.34554973821989526,0.06431790249897583,5.372528095508053,XGBoost,tuned
1,0.8601855,158,0.06472757066775911,133,0.3481675392670157,0.06472757066775911,5.378968122473325,XGBoost,tuned
0,0.8601682,159,0.0651372388365424,133,0.3481675392670157,0.0651372388365424,5.345138134281669,XGBoost,tuned
1,0.8572113,160,0.06554690700532569,134,0.3507853403141361,0.06554690700532569,5.351668848167539,XGBoost,tuned
1,0.85620993,161,0.06595657517410897,135,0.35340314136125656,0.06595657517410897,5.35811843517284,XGBoost,tuned
1,0.8558995,162,0.06636624334289226,136,0.35602094240837695,0.06636624334289226,5.36448839764721,XGBoost,tuned
1,0.85577625,163,0.06677591151167554,137,0.3586387434554974,0.06677591151167554,5.370780201072817,XGBoost,tuned
1,0.855052,164,0.06718557968045882,138,0.3612565445026178,0.06718557968045882,5.376995275188354,XGBoost,tuned
1,0.8549956,165,0.06759524784924212,139,0.36387434554973824,0.06759524784924212,5.383135015072188,XGBoost,tuned
1,0.85477996,166,0.0680049160180254,140,0.36649214659685864,0.0680049160180254,5.389200782186337,XGBoost,tuned
0,0.8541863,167,0.06841458418680868,140,0.36649214659685864,0.06841458418680868,5.356930118819952,XGBoost,tuned
0,0.8532691,168,0.06882425235559197,140,0.36649214659685864,0.06882425235559197,5.3250436300174515,XGBoost,tuned
0,0.8487106,169,0.06923392052437526,140,0.36649214659685864,0.06923392052437526,5.293534496112024,XGBoost,tuned
0,0.84846795,170,0.06964358869315854,140,0.36649214659685864,0.06964358869315854,5.2623960578996,XGBoost,tuned
0,0.8478038,171,0.07005325686194183,140,0.36649214659685864,0.07005325686194183,5.23162181194697,XGBoost,tuned
1,0.8459848,172,0.07046292503072511,141,0.36910994764397903,0.07046292503072511,5.238356873249725,XGBoost,tuned
1,0.8459798,173,0.0708725931995084,142,0.3717277486910995,0.0708725931995084,5.245014072572103,XGBoost,tuned
1,0.8453682,174,0.07128226136829169,143,0.3743455497382199,0.07128226136829169,5.251594752362038,XGBoost,tuned
1,0.8442579,175,0.07169192953707497,144,0.3769633507853403,0.07169192953707497,5.258100224382947,XGBoost,tuned
0,0.8437808,176,0.07210159770585825,144,0.3769633507853403,0.07210159770585825,5.228224654926226,XGBoost,tuned
1,0.8431176,177,0.07251126587464155,145,0.3795811518324607,0.07251126587464155,5.234788653237494,XGBoost,tuned
0,0.8418816,178,0.07292093404342483,145,0.3795811518324607,0.07292093404342483,5.205379728219307,XGBoost,tuned
1,0.8356635,179,0.0733306022122081,146,0.38219895287958117,0.0733306022122081,5.211998011056188,XGBoost,tuned
0,0.8320826,180,0.0737402703809914,146,0.38219895287958117,0.0737402703809914,5.18304246655032,XGBoost,tuned
0,0.8319377,181,0.07414993854977468,146,0.38219895287958117,0.07414993854977468,5.154406872812473,XGBoost,tuned
1,0.8313887,182,0.07455960671855796,147,0.38481675392670156,0.07455960671855796,5.161196133709223,XGBoost,tuned
1,0.8309153,183,0.07496927488734126,148,0.387434554973822,0.07496927488734126,5.16791119503333,XGBoost,tuned
0,0.8254883,184,0.07537894305612454,148,0.387434554973822,0.07537894305612454,5.13982472114728,XGBoost,tuned
0,0.8253847,185,0.07578861122490782,148,0.387434554973822,0.07578861122490782,5.112041884816755,XGBoost,tuned
1,0.82274026,186,0.07619827939369112,149,0.3900523560209424,0.07619827939369112,5.118912908855486,XGBoost,tuned
1,0.82177025,187,0.0766079475624744,150,0.39267015706806285,0.0766079475624744,5.125710446006104,XGBoost,tuned
0,0.82176656,188,0.07701761573125768,150,0.39267015706806285,0.07701761573125768,5.098446028740114,XGBoost,tuned
1,0.820987,189,0.07742728390004097,151,0.39528795811518325,0.07742728390004097,5.1052799246516525,XGBoost,tuned
1,0.8187988,190,0.07783695206882425,152,0.39790575916230364,0.07783695206882425,5.112041884816754,XGBoost,tuned
0,0.8184056,191,0.07824662023760753,152,0.39790575916230364,0.07824662023760753,5.0852772676187605,XGBoost,tuned
1,0.8180173,192,0.07865628840639083,153,0.4005235602094241,0.07865628840639083,5.092072971204188,XGBoost,tuned
1,0.81744176,193,0.07906595657517411,154,0.4031413612565445,0.07906595657517411,5.098798252990804,XGBoost,tuned
1,0.8163794,194,0.07947562474395739,155,0.40575916230366493,0.07947562474395739,5.105454201975496,XGBoost,tuned
1,0.8152785,195,0.07988529291274069,156,0.4083769633507853,0.07988529291274069,5.112041884816754,XGBoost,tuned
1,0.814314,196,0.08029496108152397,157,0.4109947643979058,0.08029496108152397,5.118562346404531,XGBoost,tuned
0,0.8139197,197,0.08070462925030725,157,0.4109947643979058,0.08070462925030725,5.092579796422782,XGBoost,tuned
1,0.81110525,198,0.08111429741909054,158,0.41361256544502617,0.08111429741909054,5.0991326881379235,XGBoost,tuned
1,0.810961,199,0.08152396558787382,159,0.4162303664921466,0.08152396558787382,5.1056197216448735,XGBoost,tuned
1,0.80931824,200,0.0819336337566571,160,0.418848167539267,0.0819336337566571,5.112041884816754,XGBoost,tuned
0,0.8086178,201,0.0823433019254404,160,0.418848167539267,0.0823433019254404,5.086608840613685,XGBoost,tuned
0,0.8081742,202,0.08275297009422368,160,0.418848167539267,0.08275297009422368,5.061427608729459,XGBoost,tuned
1,0.8025394,203,0.08316263826300696,161,0.4214659685863874,0.08316263826300696,5.067972558223506,XGBoost,tuned
0,0.8021628,204,0.08357230643179026,161,0.4214659685863874,0.08357230643179026,5.043129555487115,XGBoost,tuned
0,0.8018315,205,0.08398197460057354,161,0.4214659685863874,0.08398197460057354,5.01852892350913,XGBoost,tuned
1,0.7969322,206,0.08439164276935682,162,0.42408376963350786,0.08439164276935682,5.025186804249479,XGBoost,tuned
1,0.7955003,207,0.08480131093814011,163,0.42670157068062825,0.08480131093814011,5.031780357639679,XGBoost,tuned
1,0.7953209,208,0.08521097910692339,164,0.4293193717277487,0.08521097910692339,5.038310511478051,XGBoost,tuned
1,0.79456437,209,0.08562064727570667,165,0.4319371727748691,0.08562064727570667,5.044778175806007,XGBoost,tuned
1,0.794516,210,0.08603031544448997,166,0.43455497382198954,0.08603031544448997,5.05118424333084,XGBoost,tuned
1,0.7939697,211,0.08643998361327325,167,0.43717277486910994,0.08643998361327325,5.057529589836481,XGBoost,tuned
1,0.79371375,212,0.08684965178205653,168,0.4397905759162304,0.08684965178205653,5.063815074582634,XGBoost,tuned
0,0.793067,213,0.08725931995083983,168,0.4397905759162304,0.08725931995083983,5.0400412948897575,XGBoost,tuned
0,0.7913303,214,0.0876689881196231,168,0.4397905759162304,0.0876689881196231,5.016489700053824,XGBoost,tuned
1,0.79094726,215,0.08807865628840639,169,0.4424083769633508,0.08807865628840639,5.0228783635699505,XGBoost,tuned
0,0.7901836,216,0.08848832445718968,169,0.4424083769633508,0.08848832445718968,4.99962429707194,XGBoost,tuned
0,0.783051,217,0.08889799262597296,169,0.4424083769633508,0.08889799262597296,4.976584553767462,XGBoost,tuned
1,0.77937716,218,0.08930766079475624,170,0.44502617801047123,0.08930766079475624,4.983068351025506,XGBoost,tuned
1,0.7786931,219,0.08971732896353954,171,0.4476439790575916,0.08971732896353954,4.989492935523201,XGBoost,tuned
1,0.77721024,220,0.09012699713232282,172,0.450261780104712,0.09012699713232282,4.995859114707282,XGBoost,tuned
1,0.7768346,221,0.0905366653011061,173,0.45287958115183247,0.0905366653011061,5.002167681410059,XGBoost,tuned
1,0.77607286,222,0.0909463334698894,174,0.45549738219895286,0.0909463334698894,5.008419414178576,XGBoost,tuned
1,0.775235,223,0.09135600163867268,175,0.4581151832460733,0.09135600163867268,5.01461507759491,XGBoost,tuned
0,0.77415186,224,0.09176566980745596,175,0.4581151832460733,0.09176566980745596,4.992228403141362,XGBoost,tuned
0,0.7725007,225,0.09217533797623925,175,0.4581151832460733,0.09217533797623925,4.970040721349622,XGBoost,tuned
0,0.7721947,226,0.09258500614502253,175,0.4581151832460733,0.09258500614502253,4.948049390724181,XGBoost,tuned
0,0.7701959,227,0.09299467431380581,175,0.4581151832460733,0.09299467431380581,4.9262518163157045,XGBoost,tuned
1,0.7698803,228,0.09340434248258911,176,0.4607329842931937,0.09340434248258911,4.932671994121429,XGBoost,tuned
0,0.76950926,229,0.09381401065137239,176,0.4607329842931937,0.09381401065137239,4.911131941745353,XGBoost,tuned
1,0.7693613,230,0.09422367882015567,177,0.46335078534031415,0.09422367882015567,4.917562030503073,XGBoost,tuned
0,0.7686122,231,0.09463334698893897,177,0.46335078534031415,0.09463334698893897,4.896273883184878,XGBoost,tuned
0,0.7650904,232,0.09504301515772225,177,0.46335078534031415,0.09504301515772225,4.875169254378046,XGBoost,tuned
1,0.76476884,233,0.09545268332650553,178,0.46596858638743455,0.09545268332650553,4.881670898591106,XGBoost,tuned
1,0.7643042,234,0.09586235149528882,179,0.468586387434555,0.09586235149528882,4.888116973195507,XGBoost,tuned
1,0.7641052,235,0.0962720196640721,180,0.4712041884816754,0.0962720196640721,4.8945081875905085,XGBoost,tuned
1,0.7640139,236,0.09668168783285538,181,0.4738219895287958,0.09668168783285538,4.900845239151655,XGBoost,tuned
1,0.7620863,237,0.09709135600163868,182,0.47643979057591623,0.09709135600163868,4.907128813484436,XGBoost,tuned
1,0.759773,238,0.09750102417042196,183,0.4790575916230366,0.09750102417042196,4.913359584671564,XGBoost,tuned
1,0.7577883,239,0.09791069233920524,184,0.4816753926701571,0.09791069233920524,4.919538215514031,XGBoost,tuned
1,0.75756717,240,0.09832036050798854,185,0.48429319371727747,0.09832036050798854,4.9256653577661424,XGBoost,tuned
0,0.75423056,241,0.09873002867677182,185,0.48429319371727747,0.09873002867677182,4.905226912298233,XGBoost,tuned
1,0.75202537,242,0.0991396968455551,186,0.4869109947643979,0.0991396968455551,4.911362554627667,XGBoost,tuned
1,0.7513749,243,0.09954936501433839,187,0.4895287958115183,0.09954936501433839,4.917447697843277,XGBoost,tuned
1,0.74873984,244,0.09995903318312167,188,0.49214659685863876,0.09995903318312167,4.923482962835808,XGBoost,tuned
0,0.7473887,245,0.10036870135190495,188,0.49214659685863876,0.10036870135190495,4.9033871140079075,XGBoost,tuned
1,0.7465578,246,0.10077836952068825,189,0.49476439790575916,0.10077836952068825,4.9094304686502355,XGBoost,tuned
1,0.74622583,247,0.10118803768947153,190,0.4973821989528796,0.10118803768947153,4.915424889246879,XGBoost,tuned
1,0.745267,248,0.10159770585825481,191,0.5,0.10159770585825481,4.921370967741936,XGBoost,tuned
1,0.74494576,249,0.1020073740270381,192,0.5026178010471204,0.1020073740270381,4.927269286570365,XGBoost,tuned
0,0.74411136,250,0.10241704219582139,192,0.5026178010471204,0.10241704219582139,4.9075602094240836,XGBoost,tuned
0,0.74390733,251,0.10282671036460467,192,0.5026178010471204,0.10282671036460467,4.888008176717215,XGBoost,tuned
1,0.74224406,252,0.10323637853338796,193,0.5052356020942408,0.10323637853338796,4.893968669492229,XGBoost,tuned
0,0.7340656,253,0.10364604670217124,193,0.5052356020942408,0.10364604670217124,4.874624919810442,XGBoost,tuned
1,0.73397124,254,0.10405571487095452,194,0.5078534031413613,0.10405571487095452,4.8805911695593025,XGBoost,tuned
1,0.73338825,255,0.10446538303973782,195,0.5104712041884817,0.10446538303973782,4.886510625192485,XGBoost,tuned
0,0.73306143,256,0.1048750512085211,195,0.5104712041884817,0.1048750512085211,4.867422693062827,XGBoost,tuned
1,0.73224014,257,0.10528471937730438,196,0.5130890052356021,0.10528471937730438,4.873347322101575,XGBoost,tuned
1,0.72904235,258,0.10569438754608768,197,0.5157068062827225,0.10569438754608768,4.879226023783432,XGBoost,tuned
1,0.7289115,259,0.10610405571487096,198,0.518324607329843,0.10610405571487096,4.885059330085508,XGBoost,tuned
0,0.7272176,260,0.10651372388365424,198,0.518324607329843,0.10651372388365424,4.8662706403544105,XGBoost,tuned
1,0.72417694,261,0.10692339205243753,199,0.5209424083769634,0.10692339205243753,4.872108884475738,XGBoost,tuned
1,0.7234215,262,0.10733306022122081,200,0.5235602094240838,0.10733306022122081,4.877902561848048,XGBoost,tuned
0,0.72277284,263,0.1077427283900041,200,0.5235602094240838,0.1077427283900041,4.859355403818207,XGBoost,tuned
1,0.71379733,264,0.10815239655878738,201,0.5261780104712042,0.10815239655878738,4.865153498334126,XGBoost,tuned
1,0.7126636,265,0.10856206472757067,202,0.5287958115183246,0.10856206472757067,4.870907833646152,XGBoost,tuned
1,0.7125941,266,0.10897173289635395,203,0.5314136125654451,0.10897173289635395,4.876618903279141,XGBoost,tuned
1,0.70833045,267,0.10938140106513723,204,0.5340314136125655,0.10938140106513723,4.8822871933643155,XGBoost,tuned
0,0.7028314,268,0.10979106923392053,204,0.5340314136125655,0.10979106923392053,4.864069703836837,XGBoost,tuned
0,0.70243853,269,0.11020073740270381,204,0.5340314136125655,0.11020073740270381,4.8459876603281495,XGBoost,tuned
1,0.7014214,270,0.11061040557148709,205,0.5366492146596858,0.11061040557148709,4.851706418460346,XGBoost,tuned
1,0.6994208,271,0.11102007374027038,206,0.5392670157068062,0.11102007374027038,4.857382971735476,XGBoost,tuned
0,0.6985532,272,0.11142974190905366,206,0.5392670157068062,0.11142974190905366,4.8395249461040954,XGBoost,tuned
1,0.69825524,273,0.11183941007783695,207,0.5418848167539267,0.11183941007783695,4.84520453368621,XGBoost,tuned
0,0.6966513,274,0.11224907824662024,207,0.5418848167539267,0.11224907824662024,4.827521305461077,XGBoost,tuned
1,0.6958428,275,0.11265874641540352,208,0.5445026178010471,0.11265874641540352,4.833203236554022,XGBoost,tuned
1,0.6935496,276,0.1130684145841868,209,0.5471204188481675,0.1130684145841868,4.83884399423325,XGBoost,tuned
0,0.69250256,277,0.1134780827529701,209,0.5471204188481675,0.1134780827529701,4.821375243351541,XGBoost,tuned
0,0.68971,278,0.11388775092175338,209,0.5471204188481675,0.11388775092175338,4.804032166936608,XGBoost,tuned
0,0.6886809,279,0.11429741909053666,209,0.5471204188481675,0.11429741909053666,4.786813413650097,XGBoost,tuned
1,0.6880868,280,0.11470708725931995,210,0.5497382198952879,0.11470708725931995,4.792539267015706,XGBoost,tuned
0,0.6873417,281,0.11511675542810323,210,0.5497382198952879,0.11511675542810323,4.775483967133089,XGBoost,tuned
1,0.68341374,282,0.11552642359688652,211,0.5523560209424084,0.11552642359688652,4.781209386951841,XGBoost,tuned
0,0.68150944,283,0.11593609176566981,211,0.5523560209424084,0.11593609176566981,4.764314654135756,XGBoost,tuned
1,0.6811059,284,0.11634575993445309,212,0.5549738219895288,0.11634575993445309,4.770039082663521,XGBoost,tuned
1,0.6808644,285,0.11675542810323637,213,0.5575916230366492,0.11675542810323637,4.7757233397630205,XGBoost,tuned
0,0.6805891,286,0.11716509627201967,213,0.5575916230366492,0.11716509627201967,4.759025006407206,XGBoost,tuned
0,0.67805415,287,0.11757476444080295,213,0.5575916230366492,0.11757476444080295,4.742443037743766,XGBoost,tuned
0,0.67411304,288,0.11798443260958623,213,0.5575916230366492,0.11798443260958623,4.725976221640489,XGBoost,tuned
1,0.67333996,289,0.11839410077836952,214,0.5602094240837696,0.11839410077836952,4.73173427054838,XGBoost,tuned
0,0.66972315,290,0.1188037689471528,214,0.5602094240837696,0.1188037689471528,4.715417945477523,XGBoost,tuned
1,0.6685408,291,0.11921343711593609,215,0.56282722513089,0.11921343711593609,4.721172702902071,XGBoost,tuned
0,0.6678198,292,0.11962310528471938,215,0.56282722513089,0.11962310528471938,4.705004303234597,XGBoost,tuned
1,0.6674529,293,0.12003277345350266,216,0.5654450261780105,0.12003277345350266,4.710755320479603,XGBoost,tuned
0,0.66377026,294,0.12044244162228594,216,0.5654450261780105,0.12044244162228594,4.69473234319906,XGBoost,tuned
1,0.66287166,295,0.12085210979106924,217,0.5680628272251309,0.12085210979106924,4.700479190700151,XGBoost,tuned
1,0.6625018,296,0.12126177795985252,218,0.5706806282722513,0.12126177795985252,4.706187208150559,XGBoost,tuned
1,0.6569844,297,0.1216714461286358,219,0.5732984293193717,0.1216714461286358,4.711856787773018,XGBoost,tuned
1,0.65344197,298,0.1220811142974191,220,0.5759162303664922,0.1220811142974191,4.717488316525528,XGBoost,tuned
0,0.65128237,299,0.12249078246620237,220,0.5759162303664922,0.12249078246620237,4.7017107636274496,XGBoost,tuned
0,0.6500343,300,0.12290045063498566,220,0.5759162303664922,0.12290045063498566,4.686038394415358,XGBoost,tuned
1,0.64839464,301,0.12331011880376895,221,0.5785340314136126,0.12331011880376895,4.691699570367536,XGBoost,tuned
0,0.6473318,302,0.12371978697255223,221,0.5785340314136126,0.12371978697255223,4.676164141326584,XGBoost,tuned
0,0.6473157,303,0.12412945514133551,221,0.5785340314136126,0.12412945514133551,4.660731256371711,XGBoost,tuned
1,0.6472891,304,0.12453912331011881,222,0.581151832460733,0.12453912331011881,4.666419812620557,XGBoost,tuned
0,0.64158714,305,0.12494879147890209,222,0.581151832460733,0.12494879147890209,4.651120075529997,XGBoost,tuned
0,0.6413084,306,0.12535845964768538,222,0.581151832460733,0.12535845964768538,4.6359203367210755,XGBoost,tuned
1,0.64068794,307,0.12576812781646865,223,0.5837696335078534,0.12576812781646865,4.641634121800228,XGBoost,tuned
0,0.6380394,308,0.12617779598525194,223,0.5837696335078534,0.12617779598525194,4.6265638811450325,XGBoost,tuned
1,0.6328673,309,0.12658746415403524,224,0.5863874345549738,0.12658746415403524,4.632270963587996,XGBoost,tuned
1,0.6306057,310,0.1269971323228185,225,0.5890052356020943,0.1269971323228185,4.637941226144233,XGBoost,tuned
1,0.629134,311,0.1274068004916018,226,0.5916230366492147,0.1274068004916018,4.643575023989495,XGBoost,tuned
0,0.62712055,312,0.1278164686603851,226,0.5916230366492147,0.1278164686603851,4.628691770707477,XGBoost,tuned
1,0.62623155,313,0.12822613682916836,227,0.5942408376963351,0.12822613682916836,4.6343191208203,XGBoost,tuned
0,0.6253203,314,0.12863580499795166,227,0.5942408376963351,0.12863580499795166,4.619560142728516,XGBoost,tuned
1,0.620857,315,0.12904547316673495,228,0.5968586387434555,0.12904547316673495,4.6251807529294435,XGBoost,tuned
1,0.6201543,316,0.12945514133551822,229,0.599476439790576,0.12945514133551822,4.6307657896480885,XGBoost,tuned
0,0.6200671,317,0.12986480950430151,229,0.599476439790576,0.12986480950430151,4.616157695674435,XGBoost,tuned
0,0.61863464,318,0.1302744776730848,229,0.599476439790576,0.1302744776730848,4.601641476505647,XGBoost,tuned
1,0.6178866,319,0.13068414584186808,230,0.6020942408376964,0.13068414584186808,4.6072477802031875,XGBoost,tuned
1,0.61067325,320,0.13109381401065137,231,0.6047120418848168,0.13109381401065137,4.612819044502618,XGBoost,tuned
0,0.60934174,321,0.13150348217943467,231,0.6047120418848168,0.13150348217943467,4.598448891716005,XGBoost,tuned
1,0.60747397,322,0.13191315034821793,232,0.6073298429319371,0.13191315034821793,4.604012877629996,XGBoost,tuned
1,0.6035769,323,0.13232281851700123,233,0.6099476439790575,0.13232281851700123,4.609542411618822,XGBoost,tuned
1,0.6031961,324,0.13273248668578452,234,0.612565445026178,0.13273248668578452,4.615037812681792,XGBoost,tuned
1,0.60193574,325,0.1331421548545678,235,0.6151832460732984,0.1331421548545678,4.620499395892066,XGBoost,tuned
1,0.6010699,326,0.13355182302335109,236,0.6178010471204188,0.13355182302335109,4.625927472456879,XGBoost,tuned
0,0.5991994,327,0.13396149119213438,236,0.6178010471204188,0.13396149119213438,4.611780905262821,XGBoost,tuned
0,0.59853846,328,0.13437115936091765,236,0.6178010471204188,0.13437115936091765,4.597720597624825,XGBoost,tuned
0,0.5982735,329,0.13478082752970094,236,0.6178010471204188,0.13478082752970094,4.583745762981588,XGBoost,tuned
0,0.58442104,330,0.13519049569848424,236,0.6178010471204188,0.13519049569848424,4.569855624305886,XGBoost,tuned
1,0.58236873,331,0.1356001638672675,237,0.6204188481675392,0.1356001638672675,4.575354708087502,XGBoost,tuned
0,0.5797097,332,0.1360098320360508,237,0.6204188481675392,0.1360098320360508,4.5615735192077205,XGBoost,tuned
0,0.57902306,333,0.1364195002048341,237,0.6204188481675392,0.1364195002048341,4.547875100231121,XGBoost,tuned
1,0.5781833,334,0.13682916837361736,238,0.6230366492146597,0.13682916837361736,4.55339060099696,XGBoost,tuned
0,0.57452387,335,0.13723883654240066,238,0.6230366492146597,0.13723883654240066,4.539798390247714,XGBoost,tuned
1,0.57430464,336,0.13764850471118395,239,0.6256544502617801,0.13764850471118395,4.545305098479182,XGBoost,tuned
1,0.5658072,337,0.13805817287996722,240,0.6282722513089005,0.13805817287996722,4.550779125949633,XGBoost,tuned
0,0.5652632,338,0.1384678410487505,240,0.6282722513089005,0.1384678410487505,4.537315282381734,XGBoost,tuned
1,0.5648574,339,0.1388775092175338,241,0.6308900523560209,0.1388775092175338,4.542780583483914,XGBoost,tuned
1,0.5533471,340,0.13928717738631707,242,0.6335078534031413,0.13928717738631707,4.548213735756082,XGBoost,tuned
1,0.55141,341,0.13969684555510037,243,0.6361256544502618,0.13969684555510037,4.5536150220325196,XGBoost,tuned
0,0.5501625,342,0.14010651372388366,243,0.6361256544502618,0.14010651372388366,4.540300358225406,XGBoost,tuned
1,0.54510975,343,0.14051618189266693,244,0.6387434554973822,0.14051618189266693,4.5456932211927406,XGBoost,tuned
1,0.5435217,344,0.14092585006145023,245,0.6413612565445026,0.14092585006145023,4.551054730305613,XGBoost,tuned
0,0.54243344,345,0.14133551823023352,245,0.6413612565445026,0.14133551823023352,4.53786326731922,XGBoost,tuned
1,0.5422042,346,0.1417451863990168,246,0.643979057591623,0.1417451863990168,4.543216414974427,XGBoost,tuned
0,0.5371774,347,0.14215485456780008,246,0.643979057591623,0.14215485456780008,4.530123572279976,XGBoost,tuned
0,0.53556556,348,0.14256452273658338,246,0.643979057591623,0.14256452273658338,4.517105975807907,XGBoost,tuned
0,0.53046584,349,0.14297419090536664,246,0.643979057591623,0.14297419090536664,4.5041629787425554,XGBoost,tuned
0,0.5299379,350,0.14338385907414994,246,0.643979057591623,0.14338385907414994,4.491293941660434,XGBoost,tuned
1,0.5281262,351,0.14379352724293323,247,0.6465968586387435,0.14379352724293323,4.496703509792515,XGBoost,tuned
0,0.52558255,352,0.1442031954117165,247,0.6465968586387435,0.1442031954117165,4.4839287839124236,XGBoost,tuned
1,0.5225616,353,0.1446128635804998,248,0.6492146596858639,0.1446128635804998,4.489328567402815,XGBoost,tuned
0,0.5219003,354,0.1450225317492831,248,0.6492146596858639,0.1450225317492831,4.476646848285858,XGBoost,tuned
0,0.5199187,355,0.14543219991806636,248,0.6492146596858639,0.14543219991806636,4.464036575473785,XGBoost,tuned
1,0.51896244,356,0.14584186808684965,249,0.6518324607329843,0.14584186808684965,4.469446732160716,XGBoost,tuned
0,0.51688653,357,0.14625153625563295,249,0.6518324607329843,0.14625153625563295,4.456927273527212,XGBoost,tuned
1,0.5165234,358,0.1466612044244162,250,0.6544502617801047,0.1466612044244162,4.4623270642604345,XGBoost,tuned
0,0.51559263,359,0.1470708725931995,250,0.6544502617801047,0.1470708725931995,4.449897183858595,XGBoost,tuned
1,0.5140479,360,0.1474805407619828,251,0.6570680628272252,0.1474805407619828,4.455286503781268,XGBoost,tuned
0,0.51365787,361,0.14789020893076607,251,0.6570680628272252,0.14789020893076607,4.442944989920379,XGBoost,tuned
0,0.51081073,362,0.14829987709954937,251,0.6570680628272252,0.14829987709954937,4.430671661218941,XGBoost,tuned
0,0.5091804,363,0.14870954526833266,251,0.6570680628272252,0.14870954526833266,4.418465954163241,XGBoost,tuned
0,0.5067661,364,0.14911921343711593,251,0.6570680628272252,0.14911921343711593,4.406327311432024,XGBoost,tuned
0,0.5052007,365,0.14952888160589922,251,0.6570680628272252,0.14952888160589922,4.394255181811662,XGBoost,tuned
0,0.49956468,366,0.14993854977468252,251,0.6570680628272252,0.14993854977468252,4.382249020112723,XGBoost,tuned
0,0.49592885,367,0.15034821794346578,251,0.6570680628272252,0.15034821794346578,4.3703082870878935,XGBoost,tuned
0,0.49416518,368,0.15075788611224908,251,0.6570680628272252,0.15075788611224908,4.358432449351241,XGBoost,tuned
0,0.4933344,369,0.15116755428103237,251,0.6570680628272252,0.15116755428103237,4.346620979298798,XGBoost,tuned
0,0.49259794,370,0.15157722244981564,251,0.6570680628272252,0.15157722244981564,4.334873355030424,XGBoost,tuned
1,0.48988807,371,0.15198689061859894,252,0.6596858638743456,0.15198689061859894,4.340412921070829,XGBoost,tuned
0,0.48969966,372,0.15239655878738223,252,0.6596858638743456,0.15239655878738223,4.328745144401283,XGBoost,tuned
0,0.48789257,373,0.1528062269561655,252,0.6596858638743456,0.1528062269561655,4.317139929536937,XGBoost,tuned
0,0.48783228,374,0.1532158951249488,252,0.6596858638743456,0.1532158951249488,4.305596774645127,XGBoost,tuned
1,0.48740348,375,0.1536255632937321,253,0.662303664921466,0.1536255632937321,4.311155322862129,XGBoost,tuned
1,0.48284292,376,0.15403523146251535,254,0.6649214659685864,0.15403523146251535,4.316684304333297,XGBoost,tuned
1,0.4827305,377,0.15444489963129865,255,0.6675392670157068,0.15444489963129865,4.322183954337772,XGBoost,tuned
1,0.48156804,378,0.15485456780008194,256,0.6701570680628273,0.15485456780008194,4.3276545056649764,XGBoost,tuned
1,0.4805061,379,0.1552642359688652,257,0.6727748691099477,0.1552642359688652,4.333096188647446,XGBoost,tuned
1,0.47585866,380,0.1556739041376485,258,0.675392670157068,0.1556739041376485,4.338509231193166,XGBoost,tuned
0,0.47374743,381,0.1560835723064318,258,0.675392670157068,0.1560835723064318,4.327122067856701,XGBoost,tuned
1,0.47374135,382,0.15649324047521507,259,0.6780104712041884,0.15649324047521507,4.332522408925194,XGBoost,tuned
0,0.47248754,383,0.15690290864399836,259,0.6780104712041884,0.15690290864399836,4.321210339972386,XGBoost,tuned
0,0.47187358,384,0.15731257681278166,259,0.6780104712041884,0.15731257681278166,4.309957188045375,XGBoost,tuned
1,0.4707422,385,0.15772224498156492,260,0.680628272251309,0.15772224498156492,4.31536003263752,XGBoost,tuned
0,0.47058064,386,0.15813191315034822,260,0.680628272251309,0.15813191315034822,4.304180343433796,XGBoost,tuned
0,0.47017682,387,0.1585415813191315,260,0.680628272251309,0.1585415813191315,4.293058430401667,XGBoost,tuned
0,0.469765,388,0.15895124948791478,260,0.680628272251309,0.15895124948791478,4.281993846818158,XGBoost,tuned
0,0.46716493,389,0.15936091765669808,260,0.680628272251309,0.15936091765669808,4.270986150553844,XGBoost,tuned
0,0.4654093,390,0.15977058582548137,260,0.680628272251309,0.15977058582548137,4.260034904013962,XGBoost,tuned
0,0.46028948,391,0.16018025399426464,260,0.680628272251309,0.16018025399426464,4.249139674080423,XGBoost,tuned
0,0.46017906,392,0.16058992216304793,260,0.680628272251309,0.16058992216304793,4.238300032054707,XGBoost,tuned
1,0.45765135,393,0.16099959033183123,261,0.6832460732984293,0.16099959033183123,4.2437752288078014,XGBoost,tuned
0,0.45716444,394,0.1614092585006145,261,0.6832460732984293,0.1614092585006145,4.233004225689,XGBoost,tuned
0,0.456473,395,0.1618189266693978,261,0.6832460732984293,0.1618189266693978,4.222287759294851,XGBoost,tuned
1,0.45383322,396,0.16222859483818108,262,0.6858638743455497,0.16222859483818108,4.227761912316886,XGBoost,tuned
1,0.45122206,397,0.16263826300696435,263,0.6884816753926701,0.16263826300696435,4.233208487741834,XGBoost,tuned
1,0.4474606,398,0.16304793117574765,264,0.6910994764397905,0.16304793117574765,4.2386276934410265,XGBoost,tuned
1,0.44681332,399,0.16345759934453094,265,0.693717277486911,0.16345759934453094,4.244019735201879,XGBoost,tuned
1,0.4412559,400,0.1638672675133142,266,0.6963350785340314,0.1638672675133142,4.249384816753927,XGBoost,tuned
0,0.4400247,401,0.1642769356820975,266,0.6963350785340314,0.1642769356820975,4.238787847136087,XGBoost,tuned
0,0.43934706,402,0.1646866038508808,266,0.6963350785340314,0.1646866038508808,4.228243598760126,XGBoost,tuned
1,0.43875787,403,0.16509627201966406,267,0.6989528795811518,0.16509627201966406,4.2336078884803765,XGBoost,tuned
0,0.4338387,404,0.16550594018844736,267,0.6989528795811518,0.16550594018844736,4.223128661033643,XGBoost,tuned
1,0.43218613,405,0.16591560835723065,268,0.7015706806282722,0.16591560835723065,4.228479089910154,XGBoost,tuned
1,0.42927918,406,0.16632527652601392,269,0.7041884816753927,0.16632527652601392,4.233803161994172,XGBoost,tuned
1,0.42594138,407,0.16673494469479722,270,0.7068062827225131,0.16673494469479722,4.239101071561804,XGBoost,tuned
1,0.4234181,408,0.1671446128635805,271,0.7094240837696335,0.1671446128635805,4.244373010984498,XGBoost,tuned
0,0.41966185,409,0.16755428103236378,271,0.7094240837696335,0.16755428103236378,4.233995570859842,XGBoost,tuned
0,0.41874802,410,0.16796394920114707,271,0.7094240837696335,0.16796394920114707,4.22366875239433,XGBoost,tuned
0,0.41593623,411,0.16837361736993037,271,0.7094240837696335,0.16837361736993037,4.213392186086801,XGBoost,tuned
1,0.41540617,412,0.16878328553871363,272,0.7120418848167539,0.16878328553871363,4.218675341839069,XGBoost,tuned
1,0.41110012,413,0.16919295370749693,273,0.7146596858638743,0.16919295370749693,4.2239329133019785,XGBoost,tuned
1,0.40957063,414,0.16960262187628022,274,0.7172774869109948,0.16960262187628022,4.2291650858689325,XGBoost,tuned
1,0.4094511,415,0.1700122900450635,275,0.7198952879581152,0.1700122900450635,4.234372043146408,XGBoost,tuned
0,0.40774262,416,0.17042195821384679,275,0.7198952879581152,0.17042195821384679,4.224193264196536,XGBoost,tuned
0,0.40715244,417,0.17083162638263008,275,0.7198952879581152,0.17083162638263008,4.214063304330358,XGBoost,tuned
0,0.39573216,418,0.17124129455141335,275,0.7198952879581152,0.17124129455141335,4.203981813171673,XGBoost,tuned
0,0.39365956,419,0.17165096272019664,275,0.7198952879581152,0.17165096272019664,4.1939484436891625,XGBoost,tuned
1,0.39109814,420,0.17206063088897994,276,0.7225130890052356,0.17206063088897994,4.199177262528048,XGBoost,tuned
1,0.38938874,421,0.1724702990577632,277,0.725130890052356,0.1724702990577632,4.204381241372449,XGBoost,tuned
0,0.3885251,422,0.1728799672265465,277,0.725130890052356,0.1728799672265465,4.194418252648817,XGBoost,tuned
0,0.38846374,423,0.1732896353953298,277,0.725130890052356,0.1732896353953298,4.184502370254848,XGBoost,tuned
0,0.38390365,424,0.17369930356411306,277,0.725130890052356,0.17369930356411306,4.17463326089104,XGBoost,tuned
0,0.3826266,425,0.17410897173289636,277,0.725130890052356,0.17410897173289636,4.164810594394826,XGBoost,tuned
1,0.38209012,426,0.17451863990167965,278,0.7277486910994765,0.17451863990167965,4.170034166605216,XGBoost,tuned
0,0.37643206,427,0.17492830807046292,278,0.7277486910994765,0.17492830807046292,4.1602682786272185,XGBoost,tuned
0,0.36908025,428,0.1753379762392462,278,0.7277486910994765,0.1753379762392462,4.150548025639771,XGBoost,tuned
0,0.36904293,429,0.1757476444080295,278,0.7277486910994765,0.1757476444080295,4.1408730885170675,XGBoost,tuned
0,0.36819428,430,0.17615731257681277,278,0.7277486910994765,0.17615731257681277,4.131243151101912,XGBoost,tuned
0,0.36607906,431,0.17656698074559607,278,0.7277486910994765,0.17656698074559607,4.1216579001712805,XGBoost,tuned
1,0.36241192,432,0.17697664891437936,279,0.7303664921465969,0.17697664891437936,4.126908813263525,XGBoost,tuned
0,0.36150056,433,0.17738631708316263,279,0.7303664921465969,0.17738631708316263,4.117377846027352,XGBoost,tuned
1,0.36108345,434,0.17779598525194593,280,0.7329842931937173,0.17779598525194593,4.122614423239318,XGBoost,tuned
1,0.35870564,435,0.17820565342072922,281,0.7356020942408377,0.17820565342072922,4.127826924234218,XGBoost,tuned
1,0.3585465,436,0.1786153215895125,282,0.7382198952879581,0.1786153215895125,4.133015514674096,XGBoost,tuned
0,0.35846645,437,0.17902498975829578,282,0.7382198952879581,0.17902498975829578,4.123557813267518,XGBoost,tuned
0,0.3578605,438,0.17943465792707908,282,0.7382198952879581,0.17943465792707908,4.114143297712113,XGBoost,tuned
0,0.35140458,439,0.17984432609586234,282,0.7382198952879581,0.17984432609586234,4.104771672888168,XGBoost,tuned
0,0.34854904,440,0.18025399426464564,282,0.7382198952879581,0.18025399426464564,4.095442646358876,XGBoost,tuned
1,0.34767523,441,0.18066366243342893,283,0.7408376963350786,0.18066366243342893,4.100645842979426,XGBoost,tuned
0,0.34663808,442,0.1810733306022122,283,0.7408376963350786,0.1810733306022122,4.091368363696667,XGBoost,tuned
0,0.34407806,443,0.1814829987709955,283,0.7408376963350786,0.1814829987709955,4.082132769196223,XGBoost,tuned
0,0.34406367,444,0.1818926669397788,283,0.7408376963350786,0.1818926669397788,4.0729387764728076,XGBoost,tuned
1,0.34352818,445,0.18230233510856206,284,0.743455497382199,0.18230233510856206,4.078145773280782,XGBoost,tuned
1,0.34295198,446,0.18271200327734535,285,0.7460732984293194,0.18271200327734535,4.083329420327284,XGBoost,tuned
0,0.34261492,447,0.18312167144612865,285,0.7460732984293194,0.18312167144612865,4.0741944551811375,XGBoost,tuned
0,0.34203064,448,0.18353133961491191,285,0.7460732984293194,0.18353133961491191,4.065100271129395,XGBoost,tuned
0,0.34047368,449,0.1839410077836952,285,0.7460732984293194,0.1839410077836952,4.05604659569258,XGBoost,tuned
1,0.3392353,450,0.1843506759524785,286,0.7486910994764397,0.1843506759524785,4.061233275159976,XGBoost,tuned
1,0.33859032,451,0.18476034412126177,287,0.7513089005235603,0.18476034412126177,4.066396953831509,XGBoost,tuned
0,0.33854607,452,0.18517001229004507,287,0.7513089005235603,0.18517001229004507,4.057400500393829,XGBoost,tuned
0,0.33580795,453,0.18557968045882836,287,0.7513089005235603,0.18557968045882836,4.048443766397374,XGBoost,tuned
0,0.33188167,454,0.18598934862761163,287,0.7513089005235603,0.18598934862761163,4.039526489378878,XGBoost,tuned
1,0.3318393,455,0.18639901679639492,288,0.7539267015706806,0.18639901679639492,4.044692480294574,XGBoost,tuned
0,0.33049595,456,0.18680868496517822,288,0.7539267015706806,0.18680868496517822,4.035822540644806,XGBoost,tuned
0,0.3289115,457,0.18721835313396148,288,0.7539267015706806,0.18721835313396148,4.026991419111666,XGBoost,tuned
0,0.32814628,458,0.18762802130274478,288,0.7539267015706806,0.18762802130274478,4.018198861428016,XGBoost,tuned
0,0.326607,459,0.18803768947152807,288,0.7539267015706806,0.18803768947152807,4.009444615542552,XGBoost,tuned
0,0.3262369,460,0.18844735764031134,288,0.7539267015706806,0.18844735764031134,4.000728431595721,XGBoost,tuned
1,0.32414576,461,0.18885702580909464,289,0.756544502617801,0.18885702580909464,4.005911346833085,XGBoost,tuned
0,0.3215738,462,0.18926669397787793,289,0.756544502617801,0.18926669397787793,3.9972405430520612,XGBoost,tuned
0,0.32104257,463,0.1896763621466612,289,0.756544502617801,0.1896763621466612,3.9886071941469816,XGBoost,tuned
0,0.32097787,464,0.1900860303154445,289,0.756544502617801,0.1900860303154445,3.980011057952699,XGBoost,tuned
0,0.3209609,465,0.1904956984842278,289,0.756544502617801,0.1904956984842278,3.9714518943872092,XGBoost,tuned
0,0.32055026,466,0.19090536665301105,289,0.756544502617801,0.19090536665301105,3.962929465429297,XGBoost,tuned
0,0.32048482,467,0.19131503482179435,289,0.756544502617801,0.19131503482179435,3.954443535096472,XGBoost,tuned
0,0.318697,468,0.19172470299057764,289,0.756544502617801,0.19172470299057764,3.9459938694231886,XGBoost,tuned
0,0.31851098,469,0.1921343711593609,289,0.756544502617801,0.1921343711593609,3.937580236439344,XGBoost,tuned
0,0.31791034,470,0.1925440393281442,289,0.756544502617801,0.1925440393281442,3.9292024061490474,XGBoost,tuned
0,0.317013,471,0.1929537074969275,289,0.756544502617801,0.1929537074969275,3.920860150509665,XGBoost,tuned
1,0.31672743,472,0.19336337566571077,290,0.7591623036649214,0.19336337566571077,3.926091489928121,XGBoost,tuned
1,0.31524852,473,0.19377304383449406,291,0.7617801047120419,0.19377304383449406,3.93130070951817,XGBoost,tuned
0,0.31419995,474,0.19418271200327736,291,0.7617801047120419,0.19418271200327736,3.9230068261647557,XGBoost,tuned
0,0.31203887,475,0.19459238017206062,291,0.7617801047120419,0.19459238017206062,3.914747864425462,XGBoost,tuned
0,0.31161368,476,0.19500204834084392,291,0.7617801047120419,0.19500204834084392,3.9065236042060807,XGBoost,tuned
1,0.3115755,477,0.19541171650962721,292,0.7643979057591623,0.19541171650962721,3.9117301634342034,XGBoost,tuned
0,0.3115084,478,0.19582138467841048,292,0.7643979057591623,0.19582138467841048,3.903546627527438,XGBoost,tuned
1,0.31135568,479,0.19623105284719378,293,0.7670157068062827,0.19623105284719378,3.9087376624512236,XGBoost,tuned
0,0.31117108,480,0.19664072101597707,293,0.7670157068062827,0.19664072101597707,3.9005944589877832,XGBoost,tuned
0,0.31002283,481,0.19705038918476034,293,0.7670157068062827,0.19705038918476034,3.892485114998204,XGBoost,tuned
0,0.30960727,482,0.19746005735354363,293,0.7670157068062827,0.19746005735354363,3.8844094197388714,XGBoost,tuned
0,0.3061073,483,0.19786972552232693,293,0.7670157068062827,0.19786972552232693,3.876367164211462,XGBoost,tuned
0,0.3045029,484,0.1982793936911102,293,0.7670157068062827,0.1982793936911102,3.8683581411449093,XGBoost,tuned
0,0.30417725,485,0.1986890618598935,293,0.7670157068062827,0.1986890618598935,3.8603821449776,XGBoost,tuned
0,0.3038791,486,0.19909873002867678,293,0.7670157068062827,0.19909873002867678,3.8524389718397862,XGBoost,tuned
0,0.30350977,487,0.19950839819746005,293,0.7670157068062827,0.19950839819746005,3.844528419536214,XGBoost,tuned
0,0.30349487,488,0.19991806636624335,293,0.7670157068062827,0.19991806636624335,3.8366502875289674,XGBoost,tuned
0,0.30247572,489,0.20032773453502664,293,0.7670157068062827,0.20032773453502664,3.8288043769205236,XGBoost,tuned
0,0.30232194,490,0.2007374027038099,293,0.7670157068062827,0.2007374027038099,3.8209904904370124,XGBoost,tuned
0,0.3016552,491,0.2011470708725932,293,0.7670157068062827,0.2011470708725932,3.8132084324116824,XGBoost,tuned
0,0.30133948,492,0.2015567390413765,293,0.7670157068062827,0.2015567390413765,3.805458008768569,XGBoost,tuned
0,0.301182,493,0.20196640721015977,293,0.7670157068062827,0.20196640721015977,3.7977390270063616,XGBoost,tuned
0,0.3000475,494,0.20237607537894306,293,0.7670157068062827,0.20237607537894306,3.7900512961824617,XGBoost,tuned
0,0.29692608,495,0.20278574354772635,293,0.7670157068062827,0.20278574354772635,3.7823946268972444,XGBoost,tuned
0,0.2908826,496,0.20319541171650962,293,0.7670157068062827,0.20319541171650962,3.7747688312785,XGBoost,tuned
0,0.29039037,497,0.20360507988529292,293,0.7670157068062827,0.20360507988529292,3.7671737229660684,XGBoost,tuned
0,0.2894144,498,0.2040147480540762,293,0.7670157068062827,0.2040147480540762,3.759609117096659,XGBoost,tuned
0,0.28905126,499,0.20442441622285948,293,0.7670157068062827,0.20442441622285948,3.75207483028885,XGBoost,tuned
0,0.2889513,500,0.20483408439164277,293,0.7670157068062827,0.20483408439164277,3.7445706806282724,XGBoost,tuned
1,0.2878914,501,0.20524375256042607,294,0.7696335078534031,0.20524375256042607,3.749851083173966,XGBoost,tuned
0,0.2860644,502,0.20565342072920934,294,0.7696335078534031,0.20565342072920934,3.7423812602991178,XGBoost,tuned
0,0.28423855,503,0.20606308889799263,294,0.7696335078534031,0.20606308889799263,3.7349411385092584,XGBoost,tuned
0,0.28333086,504,0.20647275706677592,294,0.7696335078534031,0.20647275706677592,3.727530541012216,XGBoost,tuned
1,0.2822038,505,0.2068824252355592,295,0.7722513089005235,0.2068824252355592,3.732802861437976,XGBoost,tuned
1,0.2758265,506,0.2072920934043425,296,0.774869109947644,0.2072920934043425,3.738054342652567,XGBoost,tuned
0,0.27438566,507,0.20770176157312578,296,0.774869109947644,0.20770176157312578,3.730681454402759,XGBoost,tuned
0,0.27428946,508,0.20811142974190905,296,0.774869109947644,0.20811142974190905,3.7233375932720456,XGBoost,tuned
0,0.27378875,509,0.20852109791069234,296,0.774869109947644,0.20852109791069234,3.7160225881772084,XGBoost,tuned
1,0.27342132,510,0.20893076607947564,297,0.7774869109947644,0.20893076607947564,3.721265783800431,XGBoost,tuned
0,0.27331907,511,0.2093404342482589,297,0.7774869109947644,0.2093404342482589,3.7139834632841877,XGBoost,tuned
0,0.27250198,512,0.2097501024170422,297,0.7774869109947644,0.2097501024170422,3.7067295893324608,XGBoost,tuned
1,0.2713033,513,0.2101597705858255,298,0.7801047120418848,0.2101597705858255,3.711960238000469,XGBoost,tuned
0,0.27045438,514,0.21056943875460876,298,0.7801047120418848,0.21056943875460876,3.7047385254751766,XGBoost,tuned
0,0.26659814,515,0.21097910692339206,298,0.7801047120418848,0.21097910692339206,3.697544858435419,XGBoost,tuned
1,0.2658785,516,0.21138877509217535,299,0.7827225130890052,0.21138877509217535,3.702762896221437,XGBoost,tuned
0,0.2631896,517,0.21179844326095862,299,0.7827225130890052,0.21179844326095862,3.6956008790140458,XGBoost,tuned
0,0.26251304,518,0.2122081114297419,299,0.7827225130890052,0.2122081114297419,3.6884665143827444,XGBoost,tuned
0,0.26231888,519,0.2126177795985252,299,0.7827225130890052,0.2126177795985252,3.6813596424860533,XGBoost,tuned
0,0.25888383,520,0.21302744776730848,299,0.7827225130890052,0.21302744776730848,3.6742801047120417,XGBoost,tuned
1,0.25572273,521,0.21343711593609177,300,0.7853403141361257,0.21343711593609177,3.6794927193978557,XGBoost,tuned
0,0.25279674,522,0.21384678410487507,300,0.7853403141361257,0.21384678410487507,3.6724438827706565,XGBoost,tuned
0,0.25267243,523,0.21425645227365833,300,0.7853403141361257,0.21425645227365833,3.66542200154165,XGBoost,tuned
1,0.2524559,524,0.21466612044244163,301,0.7879581151832461,0.21466612044244163,3.6706216777906557,XGBoost,tuned
0,0.25047916,525,0.2150757886112249,301,0.7879581151832461,0.2150757886112249,3.6636300174520073,XGBoost,tuned
0,0.24805011,526,0.2154854567800082,301,0.7879581151832461,0.2154854567800082,3.656664941373201,XGBoost,tuned
1,0.24686079,527,0.21589512494879148,302,0.7905759162303665,0.21589512494879148,3.6618516347596293,XGBoost,tuned
0,0.24499914,528,0.21630479311757475,302,0.7905759162303665,0.21630479311757475,3.654916309693797,XGBoost,tuned
1,0.24471635,529,0.21671446128635805,303,0.7931937172774869,0.21671446128635805,3.66008669919536,XGBoost,tuned
1,0.24384637,530,0.21712412945514134,304,0.7958115183246073,0.21712412945514134,3.665237577793144,XGBoost,tuned
0,0.24302171,531,0.2175337976239246,304,0.7958115183246073,0.2175337976239246,3.6583350588142496,XGBoost,tuned
0,0.24029106,532,0.2179434657927079,304,0.7958115183246073,0.2179434657927079,3.651458489154824,XGBoost,tuned
0,0.2393808,533,0.2183531339614912,304,0.7958115183246073,0.2183531339614912,3.644607722758661,XGBoost,tuned
0,0.23757678,534,0.21876280213027446,304,0.7958115183246073,0.21876280213027446,3.6377826146636076,XGBoost,tuned
1,0.23742239,535,0.21917247029905776,305,0.7984293193717278,0.21917247029905776,3.6429270440867056,XGBoost,tuned
0,0.23700821,536,0.21958213846784105,305,0.7984293193717278,0.21958213846784105,3.636130538407439,XGBoost,tuned
0,0.2369531,537,0.21999180663662432,305,0.7984293193717278,0.21999180663662432,3.629359345598487,XGBoost,tuned
0,0.23687792,538,0.22040147480540762,305,0.7984293193717278,0.22040147480540762,3.6226133245100143,XGBoost,tuned
0,0.2359064,539,0.2208111429741909,305,0.7984293193717278,0.2208111429741909,3.61589233503968,XGBoost,tuned
1,0.23524413,540,0.22122081114297418,306,0.8010471204188482,0.22122081114297418,3.6210296684118677,XGBoost,tuned
0,0.2340399,541,0.22163047931175747,306,0.8010471204188482,0.22163047931175747,3.614336452758611,XGBoost,tuned
0,0.23402137,542,0.22204014748054077,306,0.8010471204188482,0.22204014748054077,3.6076679353180965,XGBoost,tuned
0,0.23350991,543,0.22244981564932403,306,0.8010471204188482,0.22244981564932403,3.6010239796361114,XGBoost,tuned
0,0.23289676,544,0.22285948381810733,306,0.8010471204188482,0.22285948381810733,3.5944044502617802,XGBoost,tuned
1,0.23288849,545,0.22326915198689062,307,0.8036649214659686,0.22326915198689062,3.5995340794466593,XGBoost,tuned
0,0.22923496,546,0.2236788201556739,307,0.8036649214659686,0.2236788201556739,3.5929415261875994,XGBoost,tuned
0,0.22675665,547,0.22408848832445719,307,0.8036649214659686,0.22408848832445719,3.5863730773280245,XGBoost,tuned
0,0.22675434,548,0.22449815649324048,307,0.8036649214659686,0.22449815649324048,3.5798286009095426,XGBoost,tuned
0,0.22563191,549,0.22490782466202375,307,0.8036649214659686,0.22490782466202375,3.5733079659352085,XGBoost,tuned
1,0.22506025,550,0.22531749283080704,308,0.806282722513089,0.22531749283080704,3.5784293193717276,XGBoost,tuned
0,0.22291048,551,0.22572716099959034,308,0.806282722513089,0.22572716099959034,3.571934892294828,XGBoost,tuned
0,0.22192064,552,0.2261368291683736,308,0.806282722513089,0.2261368291683736,3.565463995750816,XGBoost,tuned
1,0.21979354,553,0.2265464973371569,309,0.8089005235602095,0.2265464973371569,3.5705717504710153,XGBoost,tuned
1,0.21770394,554,0.2269561655059402,310,0.8115183246073299,0.2269561655059402,3.5756610656434877,XGBoost,tuned
0,0.2153551,555,0.22736583367472346,310,0.8115183246073299,0.22736583367472346,3.5692184330927788,XGBoost,tuned
1,0.21486893,556,0.22777550184350676,311,0.8141361256544503,0.22777550184350676,3.5742918754002035,XGBoost,tuned
0,0.21447483,557,0.22818517001229005,311,0.8141361256544503,0.22818517001229005,3.567874834331262,XGBoost,tuned
1,0.2138748,558,0.22859483818107332,312,0.8167539267015707,0.22859483818107332,3.572932500140742,XGBoost,tuned
0,0.21359292,559,0.2290045063498566,312,0.8167539267015707,0.2290045063498566,3.566540849872154,XGBoost,tuned
0,0.21355674,560,0.2294141745186399,312,0.8167539267015707,0.2294141745186399,3.5601720269259536,XGBoost,tuned
0,0.20829798,561,0.22982384268742317,312,0.8167539267015707,0.22982384268742317,3.5538259092308984,XGBoost,tuned
0,0.20747037,562,0.23023351085620647,312,0.8167539267015707,0.23023351085620647,3.54750237558458,XGBoost,tuned
0,0.20577723,563,0.23064317902498976,312,0.8167539267015707,0.23064317902498976,3.5412013056457083,XGBoost,tuned
0,0.20416462,564,0.23105284719377303,312,0.8167539267015707,0.23105284719377303,3.5349225799264787,XGBoost,tuned
1,0.20267792,565,0.23146251536255633,313,0.819371727748691,0.23146251536255633,3.539975906963814,XGBoost,tuned
0,0.20256469,566,0.23187218353133962,313,0.819371727748691,0.23187218353133962,3.533721532569885,XGBoost,tuned
0,0.20130333,567,0.2322818517001229,313,0.819371727748691,0.2322818517001229,3.5274892194612963,XGBoost,tuned
0,0.20101918,568,0.23269151986890618,313,0.819371727748691,0.23269151986890618,3.521278851117174,XGBoost,tuned
0,0.20062861,569,0.23310118803768948,313,0.819371727748691,0.23310118803768948,3.515090311835773,XGBoost,tuned
0,0.1941877,570,0.23351085620647274,313,0.819371727748691,0.23351085620647274,3.5089234867272894,XGBoost,tuned
0,0.1941205,571,0.23392052437525604,313,0.819371727748691,0.23392052437525604,3.502778261706751,XGBoost,tuned
0,0.19409187,572,0.23433019254403933,313,0.819371727748691,0.23433019254403933,3.496654523486984,XGBoost,tuned
1,0.19364293,573,0.2347398607128226,314,0.8219895287958116,0.2347398607128226,3.501704083404147,XGBoost,tuned
1,0.19290861,574,0.2351495288816059,315,0.824607329842932,0.2351495288816059,3.506736049035883,XGBoost,tuned
1,0.19134755,575,0.2355591970503892,316,0.8272251308900523,0.2355591970503892,3.5117505121784656,XGBoost,tuned
1,0.1905121,576,0.23596886521917246,317,0.8298429319371727,0.23596886521917246,3.5167475639906924,XGBoost,tuned
0,0.1899221,577,0.23637853338795575,317,0.8298429319371727,0.23637853338795575,3.510652680864192,XGBoost,tuned
0,0.18985397,578,0.23678820155673905,317,0.8298429319371727,0.23678820155673905,3.5045788872986825,XGBoost,tuned
1,0.1892405,579,0.23719786972552231,318,0.8324607329842932,0.23719786972552231,3.5095624338767872,XGBoost,tuned
0,0.18892153,580,0.2376075378943056,318,0.8324607329842932,0.2376075378943056,3.5035114641632066,XGBoost,tuned
0,0.1886208,581,0.2380172060630889,318,0.8324607329842932,0.2380172060630889,3.4974813239495006,XGBoost,tuned
0,0.18829024,582,0.23842687423187217,318,0.8324607329842932,0.23842687423187217,3.491471905867113,XGBoost,tuned
0,0.18560939,583,0.23883654240065547,318,0.8324607329842932,0.23883654240065547,3.4854831032841505,XGBoost,tuned
1,0.1856087,584,0.23924621056943876,319,0.8350785340314136,0.23924621056943876,3.4904566807717132,XGBoost,tuned
0,0.18361291,585,0.23965587873822203,319,0.8350785340314136,0.23965587873822203,3.48449008815501,XGBoost,tuned
0,0.18356417,586,0.24006554690700532,319,0.8350785340314136,0.24006554690700532,3.4785438593356326,XGBoost,tuned
1,0.18246041,587,0.24047521507578862,320,0.837696335078534,0.24047521507578862,3.483503839738844,XGBoost,tuned
0,0.18225607,588,0.24088488324457188,320,0.837696335078534,0.24088488324457188,3.477579513480785,XGBoost,tuned
0,0.18167657,589,0.24129455141335518,320,0.837696335078534,0.24129455141335518,3.471675303780478,XGBoost,tuned
0,0.18119693,590,0.24170421958213847,320,0.837696335078534,0.24170421958213847,3.4657911083503414,XGBoost,tuned
0,0.18099993,591,0.24211388775092174,320,0.837696335078534,0.24211388775092174,3.4599268255950957,XGBoost,tuned
1,0.18002744,592,0.24252355591970504,321,0.8403141361256544,0.24252355591970504,3.464876361964058,XGBoost,tuned
0,0.17892191,593,0.24293322408848833,321,0.8403141361256544,0.24293322408848833,3.4590334001394982,XGBoost,tuned
1,0.17890935,594,0.2433428922572716,322,0.8429319371727748,0.2433428922572716,3.4639677754861,XGBoost,tuned
0,0.17820957,595,0.2437525604260549,322,0.8429319371727748,0.2437525604260549,3.458145980905451,XGBoost,tuned
0,0.17812255,596,0.2441622285948382,322,0.8429319371727748,0.2441622285948382,3.452343722548227,XGBoost,tuned
0,0.17759548,597,0.24457189676362145,322,0.8429319371727748,0.24457189676362145,3.4465609022424513,XGBoost,tuned
0,0.17751184,598,0.24498156493240475,322,0.8429319371727748,0.24498156493240475,3.440797422472815,XGBoost,tuned
0,0.17499682,599,0.24539123310118804,322,0.8429319371727748,0.24539123310118804,3.4350531863751974,XGBoost,tuned
0,0.17466384,600,0.2458009012699713,322,0.8429319371727748,0.2458009012699713,3.429328097731239,XGBoost,tuned
0,0.17463115,601,0.2462105694387546,322,0.8429319371727748,0.2462105694387546,3.4236220609629675,XGBoost,tuned
0,0.1741063,602,0.2466202376075379,322,0.8429319371727748,0.2466202376075379,3.4179349811274804,XGBoost,tuned
0,0.17087094,603,0.24702990577632117,322,0.8429319371727748,0.24702990577632117,3.412266763911681,XGBoost,tuned
0,0.17025238,604,0.24743957394510446,322,0.8429319371727748,0.24743957394510446,3.4066173156270585,XGBoost,tuned
0,0.17015018,605,0.24784924211388776,322,0.8429319371727748,0.24784924211388776,3.4009865432045343,XGBoost,tuned
0,0.16946162,606,0.24825891028267102,322,0.8429319371727748,0.24825891028267102,3.3953743541893457,XGBoost,tuned
1,0.1688966,607,0.24866857845145432,323,0.8455497382198953,0.24866857845145432,3.4003079258562843,XGBoost,tuned
0,0.16871707,608,0.24907824662023761,323,0.8455497382198953,0.24907824662023761,3.3947153141361257,XGBoost,tuned
0,0.16829637,609,0.24948791478902088,323,0.8455497382198953,0.24948791478902088,3.3891410689569206,XGBoost,tuned
0,0.16524726,610,0.24989758295780418,323,0.8455497382198953,0.24989758295780418,3.383585099991417,XGBoost,tuned
0,0.16446362,611,0.25030725112658747,323,0.8455497382198953,0.25030725112658747,3.378047317503706,XGBoost,tuned
0,0.16378425,612,0.25071691929537077,323,0.8455497382198953,0.25071691929537077,3.372527632344386,XGBoost,tuned
0,0.16336188,613,0.25112658746415406,323,0.8455497382198953,0.25112658746415406,3.367025955945782,XGBoost,tuned
1,0.16267668,614,0.2515362556329373,324,0.8481675392670157,0.2515362556329373,3.371949451711377,XGBoost,tuned
0,0.16216992,615,0.2519459238017206,324,0.8481675392670157,0.2519459238017206,3.366466607074448,XGBoost,tuned
1,0.16141994,616,0.2523555919705039,325,0.8507853403141361,0.2523555919705039,3.371375025498062,XGBoost,tuned
0,0.1612382,617,0.2527652601392872,325,0.8507853403141361,0.2527652601392872,3.365910884451874,XGBoost,tuned
0,0.16060837,618,0.2531749283080705,325,0.8507853403141361,0.2531749283080705,3.3604644267100423,XGBoost,tuned
0,0.1603321,619,0.2535845964768538,325,0.8507853403141361,0.2535845964768538,3.355035566569961,XGBoost,tuned
0,0.15987663,620,0.253994264645637,325,0.8507853403141361,0.253994264645637,3.349624218881946,XGBoost,tuned
0,0.1593701,621,0.2544039328144203,325,0.8507853403141361,0.2544039328144203,3.3442302990447765,XGBoost,tuned
0,0.1583524,622,0.2548136009832036,325,0.8507853403141361,0.2548136009832036,3.338853723001296,XGBoost,tuned
1,0.1576832,623,0.2552232691519869,326,0.8534031413612565,0.2552232691519869,3.343751313102451,XGBoost,tuned
0,0.15764403,624,0.2556329373207702,326,0.8534031413612565,0.2556329373207702,3.3383927372801714,XGBoost,tuned
0,0.15727997,625,0.2560426054895535,326,0.8534031413612565,0.2560426054895535,3.333051308900523,XGBoost,tuned
0,0.15525413,626,0.2564522736583367,326,0.8534031413612565,0.2564522736583367,3.3277269457872642,XGBoost,tuned
0,0.15500733,627,0.25686194182712,326,0.8534031413612565,0.25686194182712,3.3224195662884006,XGBoost,tuned
0,0.15441604,628,0.2572716099959033,326,0.8534031413612565,0.2572716099959033,3.3171290892720178,XGBoost,tuned
0,0.15325822,629,0.2576812781646866,326,0.8534031413612565,0.2576812781646866,3.311855434122142,XGBoost,tuned
0,0.1524575,630,0.2580909463334699,326,0.8534031413612565,0.2580909463334699,3.306598520734646,XGBoost,tuned
0,0.15235074,631,0.2585006145022532,326,0.8534031413612565,0.2585006145022532,3.301358269513196,XGBoost,tuned
0,0.14988026,632,0.25891028267103644,326,0.8534031413612565,0.25891028267103644,3.296134601365233,XGBoost,tuned
0,0.14962195,633,0.25931995083981974,326,0.8534031413612565,0.25931995083981974,3.2909274376979893,XGBoost,tuned
0,0.1491475,634,0.25972961900860303,326,0.8534031413612565,0.25972961900860303,3.285736700414554,XGBoost,tuned
0,0.14884038,635,0.2601392871773863,326,0.8534031413612565,0.2601392871773863,3.280562311909964,XGBoost,tuned
0,0.1487968,636,0.2605489553461696,326,0.8534031413612565,0.2605489553461696,3.275404195067338,XGBoost,tuned
0,0.14791714,637,0.2609586235149529,326,0.8534031413612565,0.2609586235149529,3.2702622732540454,XGBoost,tuned
0,0.1477194,638,0.26136829168373615,326,0.8534031413612565,0.26136829168373615,3.265136470317911,XGBoost,tuned
0,0.14640726,639,0.26177795985251945,326,0.8534031413612565,0.26177795985251945,3.260026710583454,XGBoost,tuned
0,0.14622723,640,0.26218762802130274,326,0.8534031413612565,0.26218762802130274,3.2549329188481675,XGBoost,tuned
0,0.14556748,641,0.26259729619008604,326,0.8534031413612565,0.26259729619008604,3.2498550203788255,XGBoost,tuned
0,0.1445599,642,0.26300696435886933,326,0.8534031413612565,0.26300696435886933,3.24479294090783,XGBoost,tuned
0,0.14448315,643,0.2634166325276526,326,0.8534031413612565,0.2634166325276526,3.239746606629591,XGBoost,tuned
0,0.14299253,644,0.26382630069643587,326,0.8534031413612565,0.26382630069643587,3.2347159441969366,XGBoost,tuned
0,0.14065781,645,0.26423596886521916,326,0.8534031413612565,0.26423596886521916,3.2297008807175613,XGBoost,tuned
0,0.13965139,646,0.26464563703400246,326,0.8534031413612565,0.26464563703400246,3.2247013437505063,XGBoost,tuned
1,0.1395997,647,0.26505530520278575,327,0.856020942408377,0.26505530520278575,3.229593694619549,XGBoost,tuned
0,0.13944885,648,0.26546497337156905,327,0.856020942408377,0.26546497337156905,3.2246097537327905,XGBoost,tuned
0,0.13913657,649,0.26587464154035234,327,0.856020942408377,0.26587464154035234,3.219641171677732,XGBoost,tuned
0,0.13893513,650,0.2662843097091356,327,0.856020942408377,0.2662843097091356,3.214687877567459,XGBoost,tuned
1,0.13843831,651,0.2666939778779189,328,0.8586387434554974,0.2666939778779189,3.2195655495773723,XGBoost,tuned
0,0.1375313,652,0.26710364604670217,328,0.8586387434554974,0.26710364604670217,3.2146275656056273,XGBoost,tuned
1,0.13752937,653,0.26751331421548546,329,0.8612565445026178,0.26751331421548546,3.219490390705804,XGBoost,tuned
0,0.13678601,654,0.26792298238426876,329,0.8612565445026178,0.26792298238426876,3.2145676225242963,XGBoost,tuned
0,0.13496128,655,0.26833265055305205,329,0.8612565445026178,0.26833265055305205,3.209659885696015,XGBoost,tuned
1,0.13449511,656,0.2687423187218353,330,0.8638743455497382,0.2687423187218353,3.2145080449495596,XGBoost,tuned
1,0.13357672,657,0.2691519868906186,331,0.8664921465968587,0.2691519868906186,3.219341445727446,XGBoost,tuned
0,0.13320997,658,0.2695616550594019,331,0.8664921465968587,0.2695616550594019,3.214448829548529,XGBoost,tuned
0,0.13318074,659,0.2699713232281852,331,0.8664921465968587,0.2699713232281852,3.209571061977135,XGBoost,tuned
0,0.13294321,660,0.2703809913969685,331,0.8664921465968587,0.2703809913969685,3.204708075519594,XGBoost,tuned
0,0.13225318,661,0.27079065956575177,331,0.8664921465968587,0.27079065956575177,3.1998598030906686,XGBoost,tuned
0,0.13077293,662,0.271200327734535,331,0.8664921465968587,0.271200327734535,3.1950261780104716,XGBoost,tuned
0,0.13036467,663,0.2716099959033183,331,0.8664921465968587,0.2716099959033183,3.190207134001406,XGBoost,tuned
0,0.13027665,664,0.2720196640721016,331,0.8664921465968587,0.2720196640721016,3.1854026051851387,XGBoost,tuned
0,0.13022809,665,0.2724293322408849,331,0.8664921465968587,0.2724293322408849,3.180612526079597,XGBoost,tuned
0,0.13020635,666,0.2728390004096682,331,0.8664921465968587,0.2728390004096682,3.1758368315959937,XGBoost,tuned
1,0.12985954,667,0.2732486685784515,332,0.8691099476439791,0.2732486685784515,3.180655745425716,XGBoost,tuned
1,0.12933713,668,0.2736583367472347,333,0.8717277486910995,0.2736583367472347,3.1854602313697216,XGBoost,tuned
0,0.1292195,669,0.274068004916018,333,0.8717277486910995,0.274068004916018,3.1806987063602,XGBoost,tuned
0,0.12842709,670,0.2744776730848013,333,0.8717277486910995,0.2744776730848013,3.1759513948581697,XGBoost,tuned
0,0.12710705,671,0.2748873412535846,333,0.8717277486910995,0.2748873412535846,3.171218233315907,XGBoost,tuned
0,0.12634544,672,0.2752970094223679,333,0.8717277486910995,0.2752970094223679,3.166499158563949,XGBoost,tuned
0,0.12609728,673,0.2757066775911512,333,0.8717277486910995,0.2757066775911512,3.161794107808282,XGBoost,tuned
0,0.12609217,674,0.27611634575993443,333,0.8717277486910995,0.27611634575993443,3.157103018627558,XGBoost,tuned
0,0.12544876,675,0.27652601392871773,333,0.8717277486910995,0.27652601392871773,3.1524258289703315,XGBoost,tuned
0,0.12525569,676,0.276935682097501,333,0.8717277486910995,0.276935682097501,3.147762477152328,XGBoost,tuned
0,0.12486113,677,0.2773453502662843,333,0.8717277486910995,0.2773453502662843,3.143112901853728,XGBoost,tuned
0,0.12419566,678,0.2777550184350676,333,0.8717277486910995,0.2777550184350676,3.1384770421164805,XGBoost,tuned
0,0.123441756,679,0.2781646866038509,333,0.8717277486910995,0.2781646866038509,3.13385483734164,XGBoost,tuned
0,0.12340782,680,0.27857435477263415,333,0.8717277486910995,0.27857435477263415,3.1292462272867265,XGBoost,tuned
0,0.122400805,681,0.27898402294141744,333,0.8717277486910995,0.27898402294141744,3.124651152063104,XGBoost,tuned
0,0.12186373,682,0.27939369111020074,333,0.8717277486910995,0.27939369111020074,3.1200695521333928,XGBoost,tuned
0,0.12173185,683,0.27980335927898403,333,0.8717277486910995,0.27980335927898403,3.115501368308893,XGBoost,tuned
1,0.120932885,684,0.2802130274477673,334,0.8743455497382199,0.2802130274477673,3.1202887235540855,XGBoost,tuned
0,0.12089572,685,0.2806226956165506,334,0.8743455497382199,0.2806226956165506,3.1157335575342984,XGBoost,tuned
0,0.120813265,686,0.28103236378533386,334,0.8743455497382199,0.28103236378533386,3.1111916718819166,XGBoost,tuned
0,0.11988717,687,0.28144203195411716,334,0.8743455497382199,0.28144203195411716,3.1066630086040683,XGBoost,tuned
1,0.1191101,688,0.28185170012290045,335,0.8769633507853403,0.28185170012290045,3.1114353768415923,XGBoost,tuned
1,0.11842105,689,0.28226136829168375,336,0.8795811518324608,0.28226136829168375,3.1161938920508514,XGBoost,tuned
0,0.11833305,690,0.28267103646046704,336,0.8795811518324608,0.28267103646046704,3.1116776690188934,XGBoost,tuned
0,0.11818126,691,0.28308070462925033,336,0.8795811518324608,0.28308070462925033,3.1071745175441916,XGBoost,tuned
0,0.11621172,692,0.2834903727980336,336,0.8795811518324608,0.2834903727980336,3.102684380958146,XGBoost,tuned
1,0.11468361,693,0.28390004096681687,337,0.8821989528795812,0.28390004096681687,3.107428057689838,XGBoost,tuned
0,0.11401397,694,0.28430970913560016,337,0.8821989528795812,0.28430970913560016,3.102950495647057,XGBoost,tuned
0,0.11317948,695,0.28471937730438346,337,0.8821989528795812,0.28471937730438346,3.098485818674903,XGBoost,tuned
0,0.11312774,696,0.28512904547316675,337,0.8821989528795812,0.28512904547316675,3.094033971234278,XGBoost,tuned
0,0.11285817,697,0.28553871364195005,337,0.8821989528795812,0.28553871364195005,3.089594898104817,XGBoost,tuned
0,0.11197701,698,0.2859483818107333,337,0.8821989528795812,0.2859483818107333,3.0851685443826042,XGBoost,tuned
0,0.11011568,699,0.2863580499795166,337,0.8821989528795812,0.2863580499795166,3.080754855477908,XGBoost,tuned
0,0.11002816,700,0.2867677181482999,337,0.8821989528795812,0.2867677181482999,3.0763537771129394,XGBoost,tuned
0,0.1094531,701,0.28717738631708317,337,0.8821989528795812,0.28717738631708317,3.0719652553196255,XGBoost,tuned
0,0.10821546,702,0.28758705448586647,337,0.8821989528795812,0.28758705448586647,3.0675892364374038,XGBoost,tuned
0,0.105389014,703,0.2879967226546497,337,0.8821989528795812,0.2879967226546497,3.0632256671110354,XGBoost,tuned
0,0.10509563,704,0.288406390823433,337,0.8821989528795812,0.288406390823433,3.0588744942884345,XGBoost,tuned
0,0.104716085,705,0.2888160589922163,337,0.8821989528795812,0.2888160589922163,3.0545356652185216,XGBoost,tuned
0,0.10446287,706,0.2892257271609996,337,0.8821989528795812,0.2892257271609996,3.05020912744909,XGBoost,tuned
0,0.10386734,707,0.2896353953297829,337,0.8821989528795812,0.2896353953297829,3.0458948288246925,XGBoost,tuned
0,0.10365961,708,0.2900450634985662,337,0.8821989528795812,0.2900450634985662,3.0415927174845443,XGBoost,tuned
0,0.10338809,709,0.2904547316673494,337,0.8821989528795812,0.2904547316673494,3.037302741860448,XGBoost,tuned
1,0.10328256,710,0.2908643998361327,338,0.8848167539267016,0.2908643998361327,3.0420249244156037,XGBoost,tuned
0,0.10322786,711,0.291274068004916,338,0.8848167539267016,0.291274068004916,3.0377464083475085,XGBoost,tuned
0,0.10313228,712,0.2916837361736993,338,0.8848167539267016,0.2916837361736993,3.0334799105829755,XGBoost,tuned
0,0.10257994,713,0.2920934043424826,338,0.8848167539267016,0.2920934043424826,3.029225380554107,XGBoost,tuned
0,0.10245124,714,0.2925030725112659,338,0.8848167539267016,0.2925030725112659,3.0249827679763004,XGBoost,tuned
0,0.1015754,715,0.29291274068004913,338,0.8848167539267016,0.29291274068004913,3.020752022846264,XGBoost,tuned
0,0.10120896,716,0.2933224088488324,338,0.8848167539267016,0.2933224088488324,3.016533095440054,XGBoost,tuned
1,0.100308314,717,0.2937320770176157,339,0.887434554973822,0.2937320770176157,3.021238143223291,XGBoost,tuned
0,0.09993764,718,0.294141745186399,339,0.887434554973822,0.294141745186399,3.0170302906561273,XGBoost,tuned
1,0.09971039,719,0.2945514133551823,340,0.8900523560209425,0.2945514133551823,3.0217215591754107,XGBoost,tuned
0,0.09914189,720,0.2949610815239656,340,0.8900523560209425,0.2949610815239656,3.0175247236765563,XGBoost,tuned
0,0.09877096,721,0.29537074969274885,340,0.8900523560209425,0.29537074969274885,3.0133395298850494,XGBoost,tuned
0,0.09826192,722,0.29578041786153214,340,0.8900523560209425,0.29578041786153214,3.009165929428145,XGBoost,tuned
1,0.09746779,723,0.29619008603031544,341,0.8926701570680629,0.29619008603031544,3.013842120889546,XGBoost,tuned
0,0.09746304,724,0.29659975419909873,341,0.8926701570680629,0.29659975419909873,3.009679355529201,XGBoost,tuned
0,0.097407416,725,0.297009422367882,341,0.8926701570680629,0.297009422367882,3.005528073659505,XGBoost,tuned
0,0.09687007,726,0.2974190905366653,341,0.8926701570680629,0.2974190905366653,3.001388227828018,XGBoost,tuned
0,0.0959719,727,0.29782875870544856,341,0.8926701570680629,0.29782875870544856,2.997259770843386,XGBoost,tuned
0,0.09555233,728,0.29823842687423185,341,0.8926701570680629,0.29823842687423185,2.993142655773546,XGBoost,tuned
0,0.09541877,729,0.29864809504301515,341,0.8926701570680629,0.29864809504301515,2.9890368359439528,XGBoost,tuned
0,0.09524359,730,0.29905776321179844,341,0.8926701570680629,0.29905776321179844,2.98494226493581,XGBoost,tuned
0,0.09404913,731,0.29946743138058174,341,0.8926701570680629,0.29946743138058174,2.9808588965843246,XGBoost,tuned
0,0.0935563,732,0.29987709954936503,341,0.8926701570680629,0.29987709954936503,2.976786684976969,XGBoost,tuned
0,0.09280283,733,0.3002867677181483,341,0.8926701570680629,0.3002867677181483,2.972725584451762,XGBoost,tuned
0,0.09252164,734,0.30069643588693157,341,0.8926701570680629,0.30069643588693157,2.968675549595561,XGBoost,tuned
0,0.0920169,735,0.30110610405571486,341,0.8926701570680629,0.30110610405571486,2.9646365352423696,XGBoost,tuned
0,0.09185865,736,0.30151577222449816,341,0.8926701570680629,0.30151577222449816,2.9606084964716595,XGBoost,tuned
0,0.09144628,737,0.30192544039328145,341,0.8926701570680629,0.30192544039328145,2.9565913886067046,XGBoost,tuned
0,0.09037646,738,0.30233510856206475,341,0.8926701570680629,0.30233510856206475,2.9525851672129284,XGBoost,tuned
0,0.09034119,739,0.302744776730848,341,0.8926701570680629,0.302744776730848,2.9485897880962675,XGBoost,tuned
0,0.090153575,740,0.3031544448996313,341,0.8926701570680629,0.3031544448996313,2.9446052073015427,XGBoost,tuned
0,0.08918706,741,0.3035641130684146,341,0.8926701570680629,0.3035641130684146,2.940631381110852,XGBoost,tuned
0,0.089081265,742,0.30397378123719787,341,0.8926701570680629,0.30397378123719787,2.9366682660419694,XGBoost,tuned
0,0.08882832,743,0.30438344940598117,341,0.8926701570680629,0.30438344940598117,2.9327158188467584,XGBoost,tuned
1,0.08844214,744,0.30479311757476446,342,0.8952879581151832,0.30479311757476446,2.9373627765580137,XGBoost,tuned
0,0.08821996,745,0.3052027857435477,342,0.8952879581151832,0.3052027857435477,2.9334200077304193,XGBoost,tuned
0,0.088008575,746,0.305612453912331,342,0.8952879581151832,0.305612453912331,2.929487809328636,XGBoost,tuned
0,0.08693592,747,0.3060221220811143,342,0.8952879581151832,0.3060221220811143,2.9255661389011545,XGBoost,tuned
0,0.086627916,748,0.3064317902498976,342,0.8952879581151832,0.3064317902498976,2.921654954223479,XGBoost,tuned
1,0.086103834,749,0.3068414584186809,343,0.8979057591623036,0.3068414584186809,2.9262856583647303,XGBoost,tuned
0,0.085912794,750,0.3072511265874642,343,0.8979057591623036,0.3072511265874642,2.9223839441535775,XGBoost,tuned
1,0.085873164,751,0.3076607947562474,344,0.900523560209424,0.3076607947562474,2.927001345500938,XGBoost,tuned
0,0.08548952,752,0.3080704629250307,344,0.900523560209424,0.3080704629250307,2.923109056477665,XGBoost,tuned
0,0.085195564,753,0.308480131093814,344,0.900523560209424,0.308480131093814,2.9192271055394476,XGBoost,tuned
0,0.08512394,754,0.3088897992625973,344,0.900523560209424,0.3088897992625973,2.915355451553321,XGBoost,tuned
0,0.08414846,755,0.3092994674313806,344,0.900523560209424,0.3092994674313806,2.9114940536042435,XGBoost,tuned
0,0.08409546,756,0.3097091356001639,344,0.900523560209424,0.3097091356001639,2.907642870993656,XGBoost,tuned
0,0.0839642,757,0.3101188037689471,344,0.900523560209424,0.3101188037689471,2.9038018632380505,XGBoost,tuned
0,0.083182976,758,0.3105284719377304,344,0.900523560209424,0.3105284719377304,2.8999709900675517,XGBoost,tuned
0,0.08307768,759,0.3109381401065137,344,0.900523560209424,0.3109381401065137,2.8961502114245112,XGBoost,tuned
0,0.08257377,760,0.311347808275297,344,0.900523560209424,0.311347808275297,2.8923394874621104,XGBoost,tuned
0,0.082262136,761,0.3117574764440803,344,0.900523560209424,0.3117574764440803,2.888538778542975,XGBoost,tuned
0,0.08212628,762,0.3121671446128636,344,0.900523560209424,0.3121671446128636,2.8847480452378003,XGBoost,tuned
0,0.081470996,763,0.31257681278164684,344,0.900523560209424,0.31257681278164684,2.88096724832399,XGBoost,tuned
0,0.08104308,764,0.31298648095043013,344,0.900523560209424,0.31298648095043013,2.877196348784299,XGBoost,tuned
1,0.08072993,765,0.31339614911921343,345,0.9031413612565445,0.31339614911921343,2.8817883174212096,XGBoost,tuned
0,0.07965169,766,0.3138058172879967,345,0.9031413612565445,0.3138058172879967,2.878026191680451,XGBoost,tuned
0,0.07950804,767,0.31421548545678,345,0.9031413612565445,0.31421548545678,2.8742738759155477,XGBoost,tuned
0,0.07874133,768,0.3146251536255633,345,0.9031413612565445,0.3146251536255633,2.8705313318062826,XGBoost,tuned
0,0.07856783,769,0.31503482179434655,345,0.9031413612565445,0.31503482179434655,2.8667985212317624,XGBoost,tuned
0,0.07756658,770,0.31544448996312985,345,0.9031413612565445,0.31544448996312985,2.863075406269124,XGBoost,tuned
0,0.07719922,771,0.31585415813191314,345,0.9031413612565445,0.31585415813191314,2.859361949192251,XGBoost,tuned
0,0.07673272,772,0.31626382630069644,345,0.9031413612565445,0.31626382630069644,2.855658112470499,XGBoost,tuned
0,0.07644793,773,0.31667349446947973,345,0.9031413612565445,0.31667349446947973,2.8519638587674323,XGBoost,tuned
0,0.075828634,774,0.317083162638263,345,0.9031413612565445,0.317083162638263,2.8482791509395673,XGBoost,tuned
1,0.075621866,775,0.31749283080704627,346,0.9057591623036649,0.31749283080704627,2.852849180881608,XGBoost,tuned
0,0.075383864,776,0.31790249897582956,346,0.9057591623036649,0.31790249897582956,2.8491728288443894,XGBoost,tuned
0,0.07523265,777,0.31831216714461286,346,0.9057591623036649,0.31831216714461286,2.8455059397467775,XGBoost,tuned
0,0.07517259,778,0.31872183531339615,346,0.9057591623036649,0.31872183531339615,2.8418484770992882,XGBoost,tuned
0,0.07498523,779,0.31913150348217945,346,0.9057591623036649,0.31913150348217945,2.838200404599802,XGBoost,tuned
0,0.07497049,780,0.31954117165096274,346,0.9057591623036649,0.31954117165096274,2.834561686132367,XGBoost,tuned
0,0.07496012,781,0.319950839819746,346,0.9057591623036649,0.319950839819746,2.8309322857660004,XGBoost,tuned
1,0.07418729,782,0.3203605079885293,347,0.9083769633507853,0.3203605079885293,2.8354835902036664,XGBoost,tuned
0,0.07415776,783,0.32077017615731257,347,0.9083769633507853,0.32077017615731257,2.831862282936484,XGBoost,tuned
0,0.073987566,784,0.32117984432609586,347,0.9083769633507853,0.32117984432609586,2.8282502136980447,XGBoost,tuned
1,0.07397317,785,0.32158951249487916,348,0.9109947643979057,0.32158951249487916,2.8327875412678827,XGBoost,tuned
0,0.07368177,786,0.32199918066366245,348,0.9109947643979057,0.32199918066366245,2.829183485871867,XGBoost,tuned
0,0.07351299,787,0.3224088488324457,348,0.9109947643979057,0.3224088488324457,2.825588589447634,XGBoost,tuned
1,0.073094085,788,0.322818517001229,349,0.9136125654450262,0.322818517001229,2.830112020623489,XGBoost,tuned
0,0.07267692,789,0.3232281851700123,349,0.9136125654450262,0.3232281851700123,2.8265250598875906,XGBoost,tuned
0,0.07241324,790,0.3236378533387956,349,0.9136125654450262,0.3236378533387956,2.822947180064948,XGBoost,tuned
0,0.071594715,791,0.3240475215075789,349,0.9136125654450262,0.3240475215075789,2.8193783467146765,XGBoost,tuned
0,0.071586765,792,0.32445718967636217,349,0.9136125654450262,0.32445718967636217,2.8158185255698345,XGBoost,tuned
0,0.071447335,793,0.3248668578451454,349,0.9136125654450262,0.3248668578451454,2.8122676825363295,XGBoost,tuned
0,0.07143664,794,0.3252765260139287,349,0.9136125654450262,0.3252765260139287,2.808725783691825,XGBoost,tuned
0,0.07140076,795,0.325686194182712,349,0.9136125654450262,0.325686194182712,2.8051927952846656,XGBoost,tuned
0,0.071292415,796,0.3260958623514953,349,0.9136125654450262,0.3260958623514953,2.8016686837328004,XGBoost,tuned
0,0.07087193,797,0.3265055305202786,349,0.9136125654450262,0.3265055305202786,2.7981534156227212,XGBoost,tuned
0,0.070849344,798,0.3269151986890619,349,0.9136125654450262,0.3269151986890619,2.794646957708407,XGBoost,tuned
0,0.07065408,799,0.3273248668578451,349,0.9136125654450262,0.3273248668578451,2.791149276910274,XGBoost,tuned
0,0.07052965,800,0.3277345350266284,349,0.9136125654450262,0.3277345350266284,2.7876603403141362,XGBoost,tuned
0,0.069877006,801,0.3281442031954117,349,0.9136125654450262,0.3281442031954117,2.7841801151701735,XGBoost,tuned
0,0.06965647,802,0.328553871364195,349,0.9136125654450262,0.328553871364195,2.7807085688919067,XGBoost,tuned
0,0.06946215,803,0.3289635395329783,349,0.9136125654450262,0.3289635395329783,2.7772456690551794,XGBoost,tuned
0,0.06926257,804,0.3293732077017616,349,0.9136125654450262,0.3293732077017616,2.77379138339715,XGBoost,tuned
1,0.06904321,805,0.32978287587054483,350,0.9162303664921466,0.32978287587054483,2.7782836330525837,XGBoost,tuned
0,0.06884024,806,0.33019254403932813,350,0.9162303664921466,0.33019254403932813,2.774836631026464,XGBoost,tuned
0,0.068600915,807,0.3306022122081114,350,0.9162303664921466,0.3306022122081114,2.771398171756295,XGBoost,tuned
0,0.06858212,808,0.3310118803768947,350,0.9162303664921466,0.3310118803768947,2.767968223523923,XGBoost,tuned
0,0.06846937,809,0.331421548545678,350,0.9162303664921466,0.331421548545678,2.764546754768022,XGBoost,tuned
1,0.068295,810,0.3318312167144613,351,0.918848167539267,0.3318312167144613,2.7690226876090747,XGBoost,tuned
0,0.068246305,811,0.33224088488324455,351,0.918848167539267,0.33224088488324455,2.765608356304995,XGBoost,tuned
0,0.06823025,812,0.33265055305202784,351,0.918848167539267,0.33265055305202784,2.7622024346839296,XGBoost,tuned
0,0.0681328,813,0.33306022122081114,351,0.918848167539267,0.33306022122081114,2.758804891713839,XGBoost,tuned
0,0.06803608,814,0.33346988938959443,351,0.918848167539267,0.33346988938959443,2.755415696515173,XGBoost,tuned
1,0.067896634,815,0.3338795575583777,352,0.9214659685863874,0.3338795575583777,2.759875373398002,XGBoost,tuned
0,0.067751095,816,0.334289225727161,352,0.9214659685863874,0.334289225727161,2.7564931731855045,XGBoost,tuned
0,0.06718262,817,0.33469889389594426,352,0.9214659685863874,0.33469889389594426,2.753119252532891,XGBoost,tuned
0,0.066940635,818,0.33510856206472756,352,0.9214659685863874,0.33510856206472756,2.7497535810750264,XGBoost,tuned
0,0.06681617,819,0.33551823023351085,352,0.9214659685863874,0.33551823023351085,2.7463961285950815,XGBoost,tuned
0,0.06648922,820,0.33592789840229414,352,0.9214659685863874,0.33592789840229414,2.743046865023624,XGBoost,tuned
0,0.06608362,821,0.33633756657107744,352,0.9214659685863874,0.33633756657107744,2.739705760437724,XGBoost,tuned
0,0.06608338,822,0.33674723473986073,352,0.9214659685863874,0.33674723473986073,2.7363727850600625,XGBoost,tuned
0,0.065651536,823,0.337156902908644,352,0.9214659685863874,0.337156902908644,2.7330479092580457,XGBoost,tuned
0,0.06549839,824,0.33756657107742727,352,0.9214659685863874,0.33756657107742727,2.729731103542927,XGBoost,tuned
0,0.06545461,825,0.33797623924621056,352,0.9214659685863874,0.33797623924621056,2.7264223385689355,XGBoost,tuned
0,0.06520929,826,0.33838590741499386,352,0.9214659685863874,0.33838590741499386,2.7231215851324113,XGBoost,tuned
0,0.06504465,827,0.33879557558377715,352,0.9214659685863874,0.33879557558377715,2.719828814170945,XGBoost,tuned
0,0.06486572,828,0.33920524375256045,352,0.9214659685863874,0.33920524375256045,2.716543996762526,XGBoost,tuned
0,0.06458918,829,0.3396149119213437,352,0.9214659685863874,0.3396149119213437,2.7132671041246947,XGBoost,tuned
0,0.064359665,830,0.340024580090127,352,0.9214659685863874,0.340024580090127,2.7099981076137007,XGBoost,tuned
0,0.064277984,831,0.3404342482589103,352,0.9214659685863874,0.3404342482589103,2.706736978723672,XGBoost,tuned
0,0.064253956,832,0.34084391642769357,352,0.9214659685863874,0.34084391642769357,2.7034836890857834,XGBoost,tuned
0,0.06406752,833,0.34125358459647687,352,0.9214659685863874,0.34125358459647687,2.700238210467433,XGBoost,tuned
1,0.063758545,834,0.34166325276526016,353,0.9240837696335078,0.34166325276526016,2.704662448052029,XGBoost,tuned
0,0.063752696,835,0.3420729209340434,353,0.9240837696335078,0.3420729209340434,2.7014233313477756,XGBoost,tuned
0,0.063313544,836,0.3424825891028267,353,0.9240837696335078,0.3424825891028267,2.698191963726546,XGBoost,tuned
1,0.06328065,837,0.34289225727161,354,0.9267015706806283,0.34289225727161,2.7026027885679973,XGBoost,tuned
0,0.06324818,838,0.3433019254403933,354,0.9267015706806283,0.3433019254403933,2.6993777255744793,XGBoost,tuned
0,0.063247725,839,0.3437115936091766,354,0.9267015706806283,0.3437115936091766,2.6961603504546052,XGBoost,tuned
0,0.0630354,840,0.3441212617779599,354,0.9267015706806283,0.3441212617779599,2.6929506357516826,XGBoost,tuned
0,0.06283247,841,0.3445309299467431,354,0.9267015706806283,0.3445309299467431,2.6897485541396122,XGBoost,tuned
0,0.062644996,842,0.3449405981155264,354,0.9267015706806283,0.3449405981155264,2.6865540784221067,XGBoost,tuned
0,0.06248974,843,0.3453502662843097,354,0.9267015706806283,0.3453502662843097,2.683367181531926,XGBoost,tuned
0,0.06248601,844,0.345759934453093,354,0.9267015706806283,0.345759934453093,2.680187836530111,XGBoost,tuned
0,0.06238029,845,0.3461696026218763,354,0.9267015706806283,0.3461696026218763,2.677016016605223,XGBoost,tuned
0,0.061712496,846,0.3465792707906596,354,0.9267015706806283,0.3465792707906596,2.673851695072593,XGBoost,tuned
0,0.06118904,847,0.3469889389594428,354,0.9267015706806283,0.3469889389594428,2.67069484537357,XGBoost,tuned
0,0.061007477,848,0.3473986071282261,354,0.9267015706806283,0.3473986071282261,2.6675454410747803,XGBoost,tuned
0,0.06079866,849,0.3478082752970094,354,0.9267015706806283,0.3478082752970094,2.6644034558673897,XGBoost,tuned
0,0.06077403,850,0.3482179434657927,354,0.9267015706806283,0.3482179434657927,2.661268863566369,XGBoost,tuned
0,0.060348406,851,0.348627611634576,354,0.9267015706806283,0.348627611634576,2.658141638109769,XGBoost,tuned
1,0.060082797,852,0.3490372798033593,355,0.9293193717277487,0.3490372798033593,2.6625218150087258,XGBoost,tuned
0,0.05997944,853,0.34944694797214254,355,0.9293193717277487,0.34944694797214254,2.6594004529747184,XGBoost,tuned
0,0.059830803,854,0.34985661614092584,355,0.9293193717277487,0.34985661614092584,2.656286400922055,XGBoost,tuned
0,0.059472766,855,0.35026628430970913,355,0.9293193717277487,0.35026628430970913,2.653179633201678,XGBoost,tuned
0,0.05935824,856,0.3506759524784924,355,0.9293193717277487,0.3506759524784924,2.6500801242843863,XGBoost,tuned
0,0.059350345,857,0.3510856206472757,355,0.9293193717277487,0.3510856206472757,2.6469878487601335,XGBoost,tuned
0,0.0592877,858,0.351495288816059,355,0.9293193717277487,0.351495288816059,2.6439027813373364,XGBoost,tuned
0,0.059127882,859,0.35190495698484225,355,0.9293193717277487,0.35190495698484225,2.6408248968421826,XGBoost,tuned
0,0.058548342,860,0.35231462515362555,355,0.9293193717277487,0.35231462515362555,2.6377541702179474,XGBoost,tuned
0,0.057904754,861,0.35272429332240884,355,0.9293193717277487,0.35272429332240884,2.6346905765243145,XGBoost,tuned
0,0.057423647,862,0.35313396149119214,355,0.9293193717277487,0.35313396149119214,2.631634090936699,XGBoost,tuned
0,0.057193816,863,0.35354362965997543,355,0.9293193717277487,0.35354362965997543,2.628584688745579,XGBoost,tuned
0,0.057149366,864,0.35395329782875873,355,0.9293193717277487,0.35395329782875873,2.625542345355827,XGBoost,tuned
0,0.05696874,865,0.35436296599754197,355,0.9293193717277487,0.35436296599754197,2.6225070362860516,XGBoost,tuned
0,0.056856677,866,0.35477263416632526,355,0.9293193717277487,0.35477263416632526,2.619478737167938,XGBoost,tuned
0,0.0568178,867,0.35518230233510856,355,0.9293193717277487,0.35518230233510856,2.6164574237455995,XGBoost,tuned
0,0.056383625,868,0.35559197050389185,355,0.9293193717277487,0.35559197050389185,2.6134430718749244,XGBoost,tuned
0,0.056260288,869,0.35600163867267515,355,0.9293193717277487,0.35600163867267515,2.6104356575229395,XGBoost,tuned
1,0.05615845,870,0.35641130684145844,356,0.9319371727748691,0.35641130684145844,2.6147800445327074,XGBoost,tuned
0,0.055784646,871,0.3568209750102417,356,0.9319371727748691,0.3568209750102417,2.6117780008535654,XGBoost,tuned
0,0.05559653,872,0.357230643179025,356,0.9319371727748691,0.357230643179025,2.608782842595706,XGBoost,tuned
0,0.05511118,873,0.35764031134780827,356,0.9319371727748691,0.35764031134780827,2.6057945460978873,XGBoost,tuned
0,0.05508195,874,0.35804997951659157,356,0.9319371727748691,0.35804997951659157,2.6028130878071574,XGBoost,tuned
0,0.055058602,875,0.35845964768537486,356,0.9319371727748691,0.35845964768537486,2.5998384442782347,XGBoost,tuned
0,0.054956347,876,0.35886931585415816,356,0.9319371727748691,0.35886931585415816,2.5968705921728943,XGBoost,tuned
0,0.054852944,877,0.3592789840229414,356,0.9319371727748691,0.3592789840229414,2.5939095082593564,XGBoost,tuned
0,0.054426797,878,0.3596886521917247,356,0.9319371727748691,0.3596886521917247,2.5909551694116804,XGBoost,tuned
0,0.054395027,879,0.360098320360508,356,0.9319371727748691,0.360098320360508,2.5880075526091644,XGBoost,tuned
0,0.054211833,880,0.3605079885292913,356,0.9319371727748691,0.3605079885292913,2.5850666349357447,XGBoost,tuned
0,0.054164875,881,0.3609176566980746,356,0.9319371727748691,0.3609176566980746,2.5821323935794047,XGBoost,tuned
0,0.054103665,882,0.36132732486685787,356,0.9319371727748691,0.36132732486685787,2.579204805831582,XGBoost,tuned
0,0.05399252,883,0.3617369930356411,356,0.9319371727748691,0.3617369930356411,2.576283849086586,XGBoost,tuned
1,0.053792216,884,0.3621466612044244,357,0.9345549738219895,0.3621466612044244,2.5805980668546113,XGBoost,tuned
0,0.053708132,885,0.3625563293732077,357,0.9345549738219895,0.3625563293732077,2.5776821368355667,XGBoost,tuned
0,0.053116392,886,0.362965997541991,357,0.9345549738219895,0.362965997541991,2.5747727890513277,XGBoost,tuned
0,0.05298935,887,0.3633756657107743,357,0.9345549738219895,0.3633756657107743,2.571870001239545,XGBoost,tuned
1,0.052927215,888,0.3637853338795576,358,0.93717277486911,0.3637853338795576,2.576169756143578,XGBoost,tuned
0,0.052833393,889,0.3641950020483408,358,0.93717277486911,0.3641950020483408,2.5732719273965103,XGBoost,tuned
0,0.0520598,890,0.3646046702171241,358,0.93717277486911,0.3646046702171241,2.5703806106241545,XGBoost,tuned
0,0.051840756,891,0.3650143383859074,358,0.93717277486911,0.3650143383859074,2.5674957839006707,XGBoost,tuned
0,0.051619504,892,0.3654240065546907,358,0.93717277486911,0.3654240065546907,2.5646174253985397,XGBoost,tuned
0,0.051574435,893,0.365833674723474,358,0.93717277486911,0.365833674723474,2.561745513388015,XGBoost,tuned
1,0.0514515,894,0.3662433428922573,359,0.9397905759162304,0.3662433428922573,2.5660277358070673,XGBoost,tuned
0,0.051078565,895,0.36665301106104053,359,0.9397905759162304,0.36665301106104053,2.563160665711194,XGBoost,tuned
0,0.05106678,896,0.36706267922982383,359,0.9397905759162304,0.36706267922982383,2.5602999953253556,XGBoost,tuned
0,0.05103659,897,0.3674723473986071,359,0.9397905759162304,0.3674723473986071,2.5574457032458398,XGBoost,tuned
0,0.050706066,898,0.3678820155673904,359,0.9397905759162304,0.3678820155673904,2.554597768164274,XGBoost,tuned
0,0.050538614,899,0.3682916837361737,359,0.9397905759162304,0.3682916837361737,2.5517561688670947,XGBoost,tuned
0,0.04999094,900,0.368701351904957,359,0.9397905759162304,0.368701351904957,2.54892088423502,XGBoost,tuned
0,0.04982046,901,0.36911102007374025,359,0.9397905759162304,0.36911102007374025,2.546091893242529,XGBoost,tuned
0,0.049564634,902,0.36952068824252354,359,0.9397905759162304,0.36952068824252354,2.5432691749573375,XGBoost,tuned
0,0.049501732,903,0.36993035641130684,359,0.9397905759162304,0.36993035641130684,2.5404527085398874,XGBoost,tuned
0,0.049325213,904,0.37034002458009013,359,0.9397905759162304,0.37034002458009013,2.53764247324283,XGBoost,tuned
0,0.04932499,905,0.3707496927488734,359,0.9397905759162304,0.3707496927488734,2.5348384484105173,XGBoost,tuned
0,0.0492811,906,0.3711593609176567,359,0.9397905759162304,0.3711593609176567,2.5320406134784967,XGBoost,tuned
0,0.04926808,907,0.37156902908643996,359,0.9397905759162304,0.37156902908643996,2.5292489479730085,XGBoost,tuned
0,0.049169086,908,0.37197869725522326,359,0.9397905759162304,0.37197869725522326,2.526463431510483,XGBoost,tuned
0,0.04913745,909,0.37238836542400655,359,0.9397905759162304,0.37238836542400655,2.52368404379705,XGBoost,tuned
0,0.048978385,910,0.37279803359278985,359,0.9397905759162304,0.37279803359278985,2.520910764628042,XGBoost,tuned
0,0.048839077,911,0.37320770176157314,359,0.9397905759162304,0.37320770176157314,2.518143573887506,XGBoost,tuned
0,0.048830885,912,0.37361736993035644,359,0.9397905759162304,0.37361736993035644,2.5153824515477172,XGBoost,tuned
0,0.048436277,913,0.3740270380991397,359,0.9397905759162304,0.3740270380991397,2.512627377668695,XGBoost,tuned
0,0.048370946,914,0.37443670626792297,359,0.9397905759162304,0.37443670626792297,2.5098783323977227,XGBoost,tuned
0,0.04824046,915,0.37484637443670626,359,0.9397905759162304,0.37484637443670626,2.5071352959688724,XGBoost,tuned
0,0.047905672,916,0.37525604260548956,359,0.9397905759162304,0.37525604260548956,2.504398248702531,XGBoost,tuned
0,0.047810923,917,0.37566571077427285,359,0.9397905759162304,0.37566571077427285,2.5016671710049274,XGBoost,tuned
0,0.047509376,918,0.37607537894305615,359,0.9397905759162304,0.37607537894305615,2.498942043367667,XGBoost,tuned
0,0.04728033,919,0.3764850471118394,359,0.9397905759162304,0.3764850471118394,2.4962228463672673,XGBoost,tuned
1,0.04725273,920,0.3768947152806227,360,0.9424083769633508,0.3768947152806227,2.5004552697473255,XGBoost,tuned
0,0.047187682,921,0.377304383449406,360,0.9424083769633508,0.377304383449406,2.4977403346010196,XGBoost,tuned
0,0.046878673,922,0.3777140516181893,360,0.9424083769633508,0.3777140516181893,2.4950312886849666,XGBoost,tuned
0,0.04682204,923,0.37812371978697257,360,0.9424083769633508,0.37812371978697257,2.4923281128575723,XGBoost,tuned
0,0.046670884,924,0.37853338795575586,360,0.9424083769633508,0.37853338795575586,2.4896307880601074,XGBoost,tuned
0,0.046622735,925,0.3789430561245391,360,0.9424083769633508,0.3789430561245391,2.486939295316259,XGBoost,tuned
0,0.046494387,926,0.3793527242933224,360,0.9424083769633508,0.3793527242933224,2.484253615731684,XGBoost,tuned
1,0.046352737,927,0.3797623924621057,361,0.9450261780104712,0.3797623924621057,2.488466990856052,XGBoost,tuned
0,0.046260312,928,0.380172060630889,361,0.9450261780104712,0.380172060630889,2.4857854531503882,XGBoost,tuned
0,0.046125874,929,0.3805817287996723,361,0.9450261780104712,0.3805817287996723,2.483109688399957,XGBoost,tuned
0,0.0458458,930,0.3809913969684556,361,0.9450261780104712,0.3809913969684556,2.4804396779823223,XGBoost,tuned
0,0.04574531,931,0.3814010651372388,361,0.9450261780104712,0.3814010651372388,2.4777754033550594,XGBoost,tuned
0,0.045690443,932,0.3818107333060221,361,0.9450261780104712,0.3818107333060221,2.475116846055322,XGBoost,tuned
0,0.045383807,933,0.3822204014748054,361,0.9450261780104712,0.3822204014748054,2.472463987699421,XGBoost,tuned
0,0.045351576,934,0.3826300696435887,361,0.9450261780104712,0.3826300696435887,2.4698168099823983,XGBoost,tuned
0,0.04509638,935,0.383039737812372,361,0.9450261780104712,0.383039737812372,2.467175294677604,XGBoost,tuned
0,0.045078065,936,0.3834494059811553,361,0.9450261780104712,0.3834494059811553,2.464539423636282,XGBoost,tuned
0,0.044897698,937,0.38385907414993853,361,0.9450261780104712,0.38385907414993853,2.4619091787871508,XGBoost,tuned
0,0.044837393,938,0.3842687423187218,361,0.9450261780104712,0.3842687423187218,2.459284542135992,XGBoost,tuned
0,0.044687852,939,0.3846784104875051,361,0.9450261780104712,0.3846784104875051,2.4566654957652396,XGBoost,tuned
0,0.044626415,940,0.3850880786562884,361,0.9450261780104712,0.3850880786562884,2.4540520218335744,XGBoost,tuned
0,0.044470027,941,0.3854977468250717,361,0.9450261780104712,0.3854977468250717,2.4514441025755156,XGBoost,tuned
0,0.044456948,942,0.385907414993855,361,0.9450261780104712,0.385907414993855,2.448841720301019,XGBoost,tuned
0,0.044369806,943,0.38631708316263824,361,0.9450261780104712,0.38631708316263824,2.44624485739508,XGBoost,tuned
0,0.044344548,944,0.38672675133142154,361,0.9450261780104712,0.38672675133142154,2.4436534963173306,XGBoost,tuned
0,0.044240024,945,0.38713641950020483,361,0.9450261780104712,0.38713641950020483,2.4410676196016508,XGBoost,tuned
0,0.044101745,946,0.3875460876689881,361,0.9450261780104712,0.3875460876689881,2.4384872098557717,XGBoost,tuned
0,0.04408589,947,0.3879557558377714,361,0.9450261780104712,0.3879557558377714,2.435912249760887,XGBoost,tuned
0,0.04397954,948,0.3883654240065547,361,0.9450261780104712,0.3883654240065547,2.433342722071266,XGBoost,tuned
0,0.04393213,949,0.38877509217533796,361,0.9450261780104712,0.38877509217533796,2.4307786096138675,XGBoost,tuned
0,0.043913152,950,0.38918476034412125,361,0.9450261780104712,0.38918476034412125,2.428219895287958,XGBoost,tuned
1,0.04379405,951,0.38959442851290454,362,0.9476439790575916,0.38959442851290454,2.43238586002059,XGBoost,tuned
1,0.043775544,952,0.39000409668168784,363,0.9502617801047121,0.39000409668168784,2.4365430727264727,XGBoost,tuned
0,0.043351382,953,0.39041376485047113,363,0.9502617801047121,0.39041376485047113,2.433986364360548,XGBoost,tuned
0,0.04330694,954,0.39082343301925443,363,0.9502617801047121,0.39082343301925443,2.4314350159702327,XGBoost,tuned
0,0.043267246,955,0.39123310118803767,363,0.9502617801047121,0.39123310118803767,2.428889010717908,XGBoost,tuned
0,0.0432003,956,0.39164276935682096,363,0.9502617801047121,0.39164276935682096,2.426348331836404,XGBoost,tuned
0,0.043103877,957,0.39205243752560426,363,0.9502617801047121,0.39205243752560426,2.4238129626286335,XGBoost,tuned
0,0.043051768,958,0.39246210569438755,363,0.9502617801047121,0.39246210569438755,2.4212828864672256,XGBoost,tuned
0,0.042844962,959,0.39287177386317085,363,0.9502617801047121,0.39287177386317085,2.418758086794163,XGBoost,tuned
0,0.042755555,960,0.39328144203195414,363,0.9502617801047121,0.39328144203195414,2.4162385471204186,XGBoost,tuned
0,0.04258858,961,0.3936911102007374,363,0.9502617801047121,0.3936911102007374,2.4137242510256005,XGBoost,tuned
0,0.042367753,962,0.3941007783695207,363,0.9502617801047121,0.3941007783695207,2.4112151821575907,XGBoost,tuned
0,0.042002864,963,0.39451044653830397,363,0.9502617801047121,0.39451044653830397,2.4087113242321934,XGBoost,tuned
0,0.04163317,964,0.39492011470708727,363,0.9502617801047121,0.39492011470708727,2.4062126610327823,XGBoost,tuned
0,0.041562296,965,0.39532978287587056,363,0.9502617801047121,0.39532978287587056,2.4037191764099504,XGBoost,tuned
0,0.041308586,966,0.39573945104465386,363,0.9502617801047121,0.39573945104465386,2.4012308542811613,XGBoost,tuned
0,0.041277904,967,0.3961491192134371,363,0.9502617801047121,0.3961491192134371,2.398747678630406,XGBoost,tuned
0,0.041117962,968,0.3965587873822204,363,0.9502617801047121,0.3965587873822204,2.3962696335078535,XGBoost,tuned
0,0.0406494,969,0.3969684555510037,363,0.9502617801047121,0.3969684555510037,2.3937967030295173,XGBoost,tuned
0,0.040562797,970,0.397378123719787,363,0.9502617801047121,0.397378123719787,2.3913288713769094,XGBoost,tuned
0,0.04054599,971,0.3977877918885703,363,0.9502617801047121,0.3977877918885703,2.3888661227967067,XGBoost,tuned
0,0.04023509,972,0.39819746005735357,363,0.9502617801047121,0.39819746005735357,2.3864084416004134,XGBoost,tuned
0,0.040110897,973,0.3986071282261368,363,0.9502617801047121,0.3986071282261368,2.383955812164031,XGBoost,tuned
0,0.04007803,974,0.3990167963949201,363,0.9502617801047121,0.3990167963949201,2.3815082189277232,XGBoost,tuned
0,0.040064245,975,0.3994264645637034,363,0.9502617801047121,0.3994264645637034,2.3790656463954893,XGBoost,tuned
0,0.040048424,976,0.3998361327324867,363,0.9502617801047121,0.3998361327324867,2.3766280791348384,XGBoost,tuned
0,0.039999176,977,0.40024580090127,363,0.9502617801047121,0.40024580090127,2.3741955017764607,XGBoost,tuned
0,0.039914366,978,0.4006554690700533,363,0.9502617801047121,0.4006554690700533,2.371767899013908,XGBoost,tuned
0,0.039671328,979,0.4010651372388365,363,0.9502617801047121,0.4010651372388365,2.369345255603271,XGBoost,tuned
0,0.03921678,980,0.4014748054076198,363,0.9502617801047121,0.4014748054076198,2.3669275563628593,XGBoost,tuned
0,0.039062046,981,0.4018844735764031,363,0.9502617801047121,0.4018844735764031,2.364514786172887,XGBoost,tuned
1,0.0390001,982,0.4022941417451864,364,0.9528795811518325,0.4022941417451864,2.3686141116004307,XGBoost,tuned
0,0.038971435,983,0.4027038099139697,364,0.9528795811518325,0.4027038099139697,2.3662045346812035,XGBoost,tuned
0,0.038934566,984,0.403113478082753,364,0.9528795811518325,0.403113478082753,2.3637998552760395,XGBoost,tuned
0,0.038908727,985,0.40352314625153624,364,0.9528795811518325,0.40352314625153624,2.3614000584686528,XGBoost,tuned
0,0.03887306,986,0.40393281442031953,364,0.9528795811518325,0.40393281442031953,2.359005129403269,XGBoost,tuned
0,0.03877901,987,0.4043424825891028,364,0.9528795811518325,0.4043424825891028,2.3566150532843193,XGBoost,tuned
0,0.03862931,988,0.4047521507578861,364,0.9528795811518325,0.4047521507578861,2.3542298153761365,XGBoost,tuned
0,0.038625713,989,0.4051618189266694,364,0.9528795811518325,0.4051618189266694,2.351849401002652,XGBoost,tuned
0,0.03861449,990,0.4055714870954527,364,0.9528795811518325,0.4055714870954527,2.3494737955470937,XGBoost,tuned
0,0.0385779,991,0.40598115526423595,364,0.9528795811518325,0.40598115526423595,2.347102984451688,XGBoost,tuned
0,0.03845069,992,0.40639082343301924,364,0.9528795811518325,0.40639082343301924,2.344736953217362,XGBoost,tuned
0,0.038166236,993,0.40680049160180254,364,0.9528795811518325,0.40680049160180254,2.342375687403447,XGBoost,tuned
0,0.03805875,994,0.40721015977058583,364,0.9528795811518325,0.40721015977058583,2.3400191726273873,XGBoost,tuned
0,0.037816916,995,0.40761982793936913,364,0.9528795811518325,0.40761982793936913,2.3376673945644453,XGBoost,tuned
0,0.037774768,996,0.4080294961081524,364,0.9528795811518325,0.4080294961081524,2.3353203389474126,XGBoost,tuned
0,0.037719358,997,0.40843916427693566,364,0.9528795811518325,0.40843916427693566,2.332977991566322,XGBoost,tuned
0,0.037659712,998,0.40884883244571896,364,0.9528795811518325,0.40884883244571896,2.3306403382681595,XGBoost,tuned
0,0.037537724,999,0.40925850061450225,364,0.9528795811518325,0.40925850061450225,2.3283073649565798,XGBoost,tuned
0,0.037517574,1000,0.40966816878328555,364,0.9528795811518325,0.40966816878328555,2.325979057591623,XGBoost,tuned
0,0.037446216,1001,0.41007783695206884,364,0.9528795811518325,0.41007783695206884,2.3236554021894333,XGBoost,tuned
0,0.037415557,1002,0.41048750512085214,364,0.9528795811518325,0.41048750512085214,2.321336384821979,XGBoost,tuned
0,0.037397176,1003,0.4108971732896354,364,0.9528795811518325,0.4108971732896354,2.319021991616773,XGBoost,tuned
1,0.037088852,1004,0.41130684145841867,365,0.9554973821989529,0.41130684145841867,2.323076802736697,XGBoost,tuned
0,0.037010822,1005,0.41171650962720197,365,0.9554973821989529,0.41171650962720197,2.320765283529994,XGBoost,tuned
0,0.037008427,1006,0.41212617779598526,365,0.9554973821989529,0.41212617779598526,2.3184583597889104,XGBoost,tuned
0,0.036855828,1007,0.41253584596476855,365,0.9554973821989529,0.41253584596476855,2.3161560178228835,XGBoost,tuned
0,0.03654462,1008,0.41294551413355185,365,0.9554973821989529,0.41294551413355185,2.3138582439956785,XGBoost,tuned
0,0.03653124,1009,0.4133551823023351,365,0.9554973821989529,0.4133551823023351,2.311565024725118,XGBoost,tuned
0,0.036463708,1010,0.4137648504711184,365,0.9554973821989529,0.4137648504711184,2.309276346482816,XGBoost,tuned
0,0.036354925,1011,0.4141745186399017,365,0.9554973821989529,0.4141745186399017,2.306992195793911,XGBoost,tuned
0,0.03629143,1012,0.414584186808685,365,0.9554973821989529,0.414584186808685,2.304712559236802,XGBoost,tuned
0,0.036257267,1013,0.41499385497746827,365,0.9554973821989529,0.41499385497746827,2.3024374234428864,XGBoost,tuned
0,0.036059387,1014,0.41540352314625156,365,0.9554973821989529,0.41540352314625156,2.3001667750962955,XGBoost,tuned
0,0.035896916,1015,0.4158131913150348,365,0.9554973821989529,0.4158131913150348,2.2979006009336396,XGBoost,tuned
0,0.035869356,1016,0.4162228594838181,365,0.9554973821989529,0.4162228594838181,2.295638887743744,XGBoost,tuned
0,0.035630863,1017,0.4166325276526014,365,0.9554973821989529,0.4166325276526014,2.293381622367398,XGBoost,tuned
0,0.035569564,1018,0.4170421958213847,365,0.9554973821989529,0.4170421958213847,2.291128791697096,XGBoost,tuned
0,0.0355408,1019,0.417451863990168,365,0.9554973821989529,0.417451863990168,2.2888803826767847,XGBoost,tuned
0,0.035375427,1020,0.4178615321589513,365,0.9554973821989529,0.4178615321589513,2.2866363823016114,XGBoost,tuned
0,0.035097104,1021,0.4182712003277345,365,0.9554973821989529,0.4182712003277345,2.284396777617673,XGBoost,tuned
0,0.035046026,1022,0.4186808684965178,365,0.9554973821989529,0.4186808684965178,2.282161555721765,XGBoost,tuned
0,0.034846544,1023,0.4190905366653011,365,0.9554973821989529,0.4190905366653011,2.2799307037611376,XGBoost,tuned
0,0.034771055,1024,0.4195002048340844,365,0.9554973821989529,0.4195002048340844,2.2777042089332458,XGBoost,tuned
0,0.03462855,1025,0.4199098730028677,365,0.9554973821989529,0.4199098730028677,2.275482058485506,XGBoost,tuned
0,0.03446456,1026,0.420319541171651,365,0.9554973821989529,0.420319541171651,2.2732642397150524,XGBoost,tuned
0,0.034441933,1027,0.42072920934043423,365,0.9554973821989529,0.42072920934043423,2.2710507399684947,XGBoost,tuned
0,0.034433663,1028,0.4211388775092175,365,0.9554973821989529,0.4211388775092175,2.268841546641677,XGBoost,tuned
0,0.034393843,1029,0.4215485456780008,365,0.9554973821989529,0.4215485456780008,2.2666366471794404,XGBoost,tuned
0,0.034280486,1030,0.4219582138467841,365,0.9554973821989529,0.4219582138467841,2.2644360290753824,XGBoost,tuned
0,0.03405701,1031,0.4223678820155674,365,0.9554973821989529,0.4223678820155674,2.2622396798716236,XGBoost,tuned
0,0.033931077,1032,0.4227775501843507,365,0.9554973821989529,0.4227775501843507,2.2600475871585695,XGBoost,tuned
0,0.033925544,1033,0.42318721835313394,365,0.9554973821989529,0.42318721835313394,2.2578597385746795,XGBoost,tuned
0,0.033890203,1034,0.42359688652191724,365,0.9554973821989529,0.42359688652191724,2.255676121806232,XGBoost,tuned
0,0.03388078,1035,0.42400655469070053,365,0.9554973821989529,0.42400655469070053,2.2534967245870954,XGBoost,tuned
0,0.033823602,1036,0.4244162228594838,365,0.9554973821989529,0.4244162228594838,2.251321534698498,XGBoost,tuned
0,0.033682577,1037,0.4248258910282671,365,0.9554973821989529,0.4248258910282671,2.2491505399687983,XGBoost,tuned
0,0.033671405,1038,0.4252355591970504,365,0.9554973821989529,0.4252355591970504,2.24698372827326,XGBoost,tuned
0,0.033565443,1039,0.42564522736583366,365,0.9554973821989529,0.42564522736583366,2.244821087533825,XGBoost,tuned
0,0.033522077,1040,0.42605489553461695,365,0.9554973821989529,0.42605489553461695,2.2426626057188885,XGBoost,tuned
0,0.033510894,1041,0.42646456370340025,365,0.9554973821989529,0.42646456370340025,2.240508270843078,XGBoost,tuned
1,0.033419926,1042,0.42687423187218354,366,0.9581151832460733,0.42687423187218354,2.2444905588326916,XGBoost,tuned
0,0.03332772,1043,0.42728390004096684,366,0.9581151832460733,0.42728390004096684,2.2423386024004457,XGBoost,tuned
0,0.03314389,1044,0.42769356820975013,366,0.9581151832460733,0.42769356820975013,2.2401907684901,XGBoost,tuned
0,0.033119854,1045,0.42810323637853337,366,0.9581151832460733,0.42810323637853337,2.238047045266665,XGBoost,tuned
0,0.03304652,1046,0.42851290454731666,366,0.9581151832460733,0.42851290454731666,2.235907420940406,XGBoost,tuned
0,0.032818314,1047,0.42892257271609996,366,0.9581151832460733,0.42892257271609996,2.233771883766633,XGBoost,tuned
0,0.03273953,1048,0.42933224088488325,366,0.9581151832460733,0.42933224088488325,2.2316404220454817,XGBoost,tuned
0,0.032727078,1049,0.42974190905366655,366,0.9581151832460733,0.42974190905366655,2.2295130241217014,XGBoost,tuned
0,0.032716632,1050,0.4301515772224498,366,0.9581151832460733,0.4301515772224498,2.227389678384443,XGBoost,tuned
0,0.03269516,1051,0.4305612453912331,366,0.9581151832460733,0.4305612453912331,2.225270373267046,XGBoost,tuned
0,0.032677144,1052,0.4309709135600164,366,0.9581151832460733,0.4309709135600164,2.22315509724683,XGBoost,tuned
0,0.03265204,1053,0.4313805817287997,366,0.9581151832460733,0.4313805817287997,2.221043838844886,XGBoost,tuned
0,0.032551236,1054,0.43179024989758297,366,0.9581151832460733,0.43179024989758297,2.2189365866258677,XGBoost,tuned
1,0.032141328,1055,0.43219991806636626,367,0.9607329842931938,0.43219991806636626,2.2228902508622617,XGBoost,tuned
1,0.03213898,1056,0.4326095862351495,368,0.9633507853403142,0.4326095862351495,2.2268364270982075,XGBoost,tuned
0,0.031988617,1057,0.4330192544039328,368,0.9633507853403142,0.4330192544039328,2.224729675511549,XGBoost,tuned
0,0.03194355,1058,0.4334289225727161,368,0.9633507853403142,0.4334289225727161,2.222626906442067,XGBoost,tuned
0,0.031839285,1059,0.4338385907414994,368,0.9633507853403142,0.4338385907414994,2.220528108607844,XGBoost,tuned
0,0.031829577,1060,0.4342482589102827,368,0.9633507853403142,0.4342482589102827,2.218433270769535,XGBoost,tuned
0,0.03182631,1061,0.434657927079066,368,0.9633507853403142,0.434657927079066,2.2163423817301666,XGBoost,tuned
0,0.031718098,1062,0.4350675952478492,368,0.9633507853403142,0.4350675952478492,2.2142554303349407,XGBoost,tuned
0,0.03154857,1063,0.4354772634166325,368,0.9633507853403142,0.4354772634166325,2.212172405471032,XGBoost,tuned
0,0.031347793,1064,0.4358869315854158,368,0.9633507853403142,0.4358869315854158,2.210093296067394,XGBoost,tuned
0,0.031346705,1065,0.4362965997541991,368,0.9633507853403142,0.4362965997541991,2.2080180910945604,XGBoost,tuned
1,0.031076156,1066,0.4367062679229824,369,0.9659685863874345,0.4367062679229824,2.211941200161095,XGBoost,tuned
0,0.030876353,1067,0.4371159360917657,369,0.9659685863874345,0.4371159360917657,2.2098681531131468,XGBoost,tuned
0,0.03083154,1068,0.43752560426054893,369,0.9659685863874345,0.43752560426054893,2.2077989881757754,XGBoost,tuned
0,0.030787848,1069,0.4379352724293322,369,0.9659685863874345,0.4379352724293322,2.2057336944543757,XGBoost,tuned
0,0.030778877,1070,0.4383449405981155,369,0.9659685863874345,0.4383449405981155,2.2036722610950727,XGBoost,tuned
0,0.030773493,1071,0.4387546087668988,369,0.9659685863874345,0.4387546087668988,2.2016146772845264,XGBoost,tuned
0,0.03069199,1072,0.4391642769356821,369,0.9659685863874345,0.4391642769356821,2.199560932249746,XGBoost,tuned
1,0.030596297,1073,0.4395739451044654,370,0.9685863874345549,0.4395739451044654,2.203466329662394,XGBoost,tuned
0,0.030408781,1074,0.43998361327324864,370,0.9685863874345549,0.43998361327324864,2.201414685035148,XGBoost,tuned
0,0.030197022,1075,0.44039328144203194,370,0.9685863874345549,0.44039328144203194,2.1993668574211616,XGBoost,tuned
0,0.030129395,1076,0.44080294961081523,370,0.9685863874345549,0.44080294961081523,2.197322836178205,XGBoost,tuned
0,0.030123336,1077,0.4412126177795985,370,0.9685863874345549,0.4412126177795985,2.1952826107035737,XGBoost,tuned
0,0.030119197,1078,0.4416222859483818,370,0.9685863874345549,0.4416222859483818,2.193246170433904,XGBoost,tuned
0,0.030038185,1079,0.4420319541171651,370,0.9685863874345549,0.4420319541171651,2.191213504844994,XGBoost,tuned
0,0.029973887,1080,0.44244162228594835,370,0.9685863874345549,0.44244162228594835,2.1891846034516194,XGBoost,tuned
0,0.029902851,1081,0.44285129045473165,370,0.9685863874345549,0.44285129045473165,2.187159455807353,XGBoost,tuned
0,0.029797792,1082,0.44326095862351494,370,0.9685863874345549,0.44326095862351494,2.1851380515043886,XGBoost,tuned
0,0.029698856,1083,0.44367062679229824,370,0.9685863874345549,0.44367062679229824,2.1831203801733596,XGBoost,tuned
0,0.029545669,1084,0.44408029496108153,370,0.9685863874345549,0.44408029496108153,2.1811064314831627,XGBoost,tuned
0,0.02953655,1085,0.44448996312986483,370,0.9685863874345549,0.44448996312986483,2.179096195140782,XGBoost,tuned
1,0.029477103,1086,0.44489963129864807,371,0.9712041884816754,0.44489963129864807,2.18297368700163,XGBoost,tuned
0,0.029394213,1087,0.44530929946743136,371,0.9712041884816754,0.44530929946743136,2.1809654315398066,XGBoost,tuned
0,0.02935266,1088,0.44571896763621466,371,0.9712041884816754,0.44571896763621466,2.178960867724053,XGBoost,tuned
0,0.029321594,1089,0.44612863580499795,371,0.9712041884816754,0.44612863580499795,2.176959985384545,XGBoost,tuned
0,0.029280948,1090,0.44653830397378125,371,0.9712041884816754,0.44653830397378125,2.1749627743887796,XGBoost,tuned
0,0.02926634,1091,0.44694797214256454,371,0.9712041884816754,0.44694797214256454,2.172969224641402,XGBoost,tuned
0,0.029244388,1092,0.4473576403113478,371,0.9712041884816754,0.4473576403113478,2.1709793260840384,XGBoost,tuned
0,0.029229596,1093,0.4477673084801311,371,0.9712041884816754,0.4477673084801311,2.1689930686951233,XGBoost,tuned
0,0.029220985,1094,0.44817697664891437,371,0.9712041884816754,0.44817697664891437,2.167010442489735,XGBoost,tuned
0,0.029187458,1095,0.44858664481769767,371,0.9712041884816754,0.44858664481769767,2.1650314375194246,XGBoost,tuned
0,0.029124884,1096,0.44899631298648096,371,0.9712041884816754,0.44899631298648096,2.1630560438720527,XGBoost,tuned
0,0.028913973,1097,0.44940598115526426,371,0.9712041884816754,0.44940598115526426,2.1610842516716224,XGBoost,tuned
0,0.028853046,1098,0.4498156493240475,371,0.9712041884816754,0.4498156493240475,2.1591160510781147,XGBoost,tuned
0,0.028799254,1099,0.4502253174928308,371,0.9712041884816754,0.4502253174928308,2.157151432287325,XGBoost,tuned
0,0.028775604,1100,0.4506349856616141,371,0.9712041884816754,0.4506349856616141,2.1551903855307,XGBoost,tuned
0,0.028665805,1101,0.4510446538303974,371,0.9712041884816754,0.4510446538303974,2.1532329010751767,XGBoost,tuned
0,0.028528554,1102,0.4514543219991807,371,0.9712041884816754,0.4514543219991807,2.1512789692230214,XGBoost,tuned
0,0.028471118,1103,0.45186399016796397,371,0.9712041884816754,0.45186399016796397,2.1493285803116677,XGBoost,tuned
0,0.028384475,1104,0.4522736583367472,371,0.9712041884816754,0.4522736583367472,2.1473817247135596,XGBoost,tuned
0,0.028376969,1105,0.4526833265055305,371,0.9712041884816754,0.4526833265055305,2.145438392835991,XGBoost,tuned
0,0.028123427,1106,0.4530929946743138,371,0.9712041884816754,0.4530929946743138,2.143498575120949,XGBoost,tuned
1,0.028076278,1107,0.4535026628430971,372,0.9738219895287958,0.4535026628430971,2.1473346670639484,XGBoost,tuned
0,0.028062353,1108,0.4539123310118804,372,0.9738219895287958,0.4539123310118804,2.1453966393860924,XGBoost,tuned
0,0.027983801,1109,0.4543219991806637,372,0.9738219895287958,0.4543219991806637,2.143462106798729,XGBoost,tuned
0,0.027891446,1110,0.4547316673494469,372,0.9738219895287958,0.4547316673494469,2.141531059855667,XGBoost,tuned
0,0.027836887,1111,0.4551413355182302,372,0.9738219895287958,0.4551413355182302,2.139603489144726,XGBoost,tuned
0,0.027611824,1112,0.4555510036870135,372,0.9738219895287958,0.4555510036870135,2.1376793852875817,XGBoost,tuned
0,0.027453097,1113,0.4559606718557968,372,0.9738219895287958,0.4559606718557968,2.1357587389396144,XGBoost,tuned
1,0.02712399,1114,0.4563703400245801,373,0.9764397905759162,0.4563703400245801,2.1395776739639243,XGBoost,tuned
0,0.027050203,1115,0.4567800081933634,373,0.9764397905759162,0.4567800081933634,2.1376587702204586,XGBoost,tuned
0,0.026941378,1116,0.45718967636214664,373,0.9764397905759162,0.45718967636214664,2.135743305372591,XGBoost,tuned
0,0.026894534,1117,0.45759934453092993,373,0.9764397905759162,0.45759934453092993,2.133831270184254,XGBoost,tuned
0,0.02687463,1118,0.4580090126997132,373,0.9764397905759162,0.4580090126997132,2.1319226554524255,XGBoost,tuned
0,0.026763214,1119,0.4584186808684965,373,0.9764397905759162,0.4584186808684965,2.130017452006981,XGBoost,tuned
0,0.026623094,1120,0.4588283490372798,373,0.9764397905759162,0.4588283490372798,2.128115650710546,XGBoost,tuned
0,0.02657571,1121,0.4592380172060631,373,0.9764397905759162,0.4592380172060631,2.1262172424583508,XGBoost,tuned
0,0.026563544,1122,0.45964768537484635,373,0.9764397905759162,0.45964768537484635,2.124322218178085,XGBoost,tuned
0,0.026514655,1123,0.46005735354362964,373,0.9764397905759162,0.46005735354362964,2.1224305688297522,XGBoost,tuned
0,0.026458845,1124,0.46046702171241294,373,0.9764397905759162,0.46046702171241294,2.1205422854055263,XGBoost,tuned
0,0.02643574,1125,0.46087668988119623,373,0.9764397905759162,0.46087668988119623,2.1186573589296103,XGBoost,tuned
0,0.026326284,1126,0.46128635804997953,373,0.9764397905759162,0.46128635804997953,2.116775780458092,XGBoost,tuned
0,0.026249487,1127,0.4616960262187628,373,0.9764397905759162,0.4616960262187628,2.1148975410788036,XGBoost,tuned
0,0.026240835,1128,0.46210569438754606,373,0.9764397905759162,0.46210569438754606,2.1130226319111807,XGBoost,tuned
0,0.026196457,1129,0.46251536255632936,373,0.9764397905759162,0.46251536255632936,2.111151044106122,XGBoost,tuned
0,0.026115743,1130,0.46292503072511265,373,0.9764397905759162,0.46292503072511265,2.109282768845851,XGBoost,tuned
1,0.026007619,1131,0.46333469889389595,374,0.9790575916230366,0.46333469889389595,2.113067711009578,XGBoost,tuned
0,0.02595084,1132,0.46374436706267924,374,0.9790575916230366,0.46374436706267924,2.1112010434203468,XGBoost,tuned
0,0.025823725,1133,0.46415403523146254,374,0.9790575916230366,0.46415403523146254,2.109337670919534,XGBoost,tuned
0,0.025676563,1134,0.4645637034002458,374,0.9790575916230366,0.4645637034002458,2.107477584789976,XGBoost,tuned
0,0.025643272,1135,0.46497337156902907,374,0.9790575916230366,0.46497337156902907,2.105620776345227,XGBoost,tuned
0,0.025635993,1136,0.46538303973781237,374,0.9790575916230366,0.46538303973781237,2.10376723692943,XGBoost,tuned
0,0.025630374,1137,0.46579270790659566,374,0.9790575916230366,0.46579270790659566,2.101916957917179,XGBoost,tuned
0,0.025410144,1138,0.46620237607537895,374,0.9790575916230366,0.46620237607537895,2.100069930713385,XGBoost,tuned
0,0.025377555,1139,0.46661204424416225,374,0.9790575916230366,0.46661204424416225,2.098226146753145,XGBoost,tuned
0,0.025304688,1140,0.4670217124129455,374,0.9790575916230366,0.4670217124129455,2.0963855975016075,XGBoost,tuned
0,0.025297845,1141,0.4674313805817288,374,0.9790575916230366,0.4674313805817288,2.094548274453841,XGBoost,tuned
0,0.025262114,1142,0.4678410487505121,374,0.9790575916230366,0.4678410487505121,2.0927141691347044,XGBoost,tuned
0,0.025232138,1143,0.4682507169192954,374,0.9790575916230366,0.4682507169192954,2.090883273098716,XGBoost,tuned
0,0.025151942,1144,0.46866038508807867,374,0.9790575916230366,0.46866038508807867,2.0890555779299236,XGBoost,tuned
0,0.025115758,1145,0.46907005325686196,374,0.9790575916230366,0.46907005325686196,2.087231075241775,XGBoost,tuned
0,0.02510275,1146,0.4694797214256452,374,0.9790575916230366,0.4694797214256452,2.0854097566769916,XGBoost,tuned
0,0.024807276,1147,0.4698893895944285,374,0.9790575916230366,0.4698893895944285,2.083591613907439,XGBoost,tuned
0,0.02478073,1148,0.4702990577632118,374,0.9790575916230366,0.4702990577632118,2.0817766386340004,XGBoost,tuned
0,0.024731454,1149,0.4707087259319951,374,0.9790575916230366,0.4707087259319951,2.0799648225864513,XGBoost,tuned
0,0.024616603,1150,0.4711183941007784,374,0.9790575916230366,0.4711183941007784,2.0781561575233325,XGBoost,tuned
0,0.024582183,1151,0.4715280622695617,374,0.9790575916230366,0.4715280622695617,2.0763506352318264,XGBoost,tuned
0,0.02457047,1152,0.4719377304383449,374,0.9790575916230366,0.4719377304383449,2.0745482475276322,XGBoost,tuned
0,0.024132892,1153,0.4723473986071282,374,0.9790575916230366,0.4723473986071282,2.0727489862548416,XGBoost,tuned
0,0.023981197,1154,0.4727570667759115,374,0.9790575916230366,0.4727570667759115,2.070952843285817,XGBoost,tuned
0,0.023979567,1155,0.4731667349446948,374,0.9790575916230366,0.4731667349446948,2.069159810521067,XGBoost,tuned
0,0.023933068,1156,0.4735764031134781,374,0.9790575916230366,0.4735764031134781,2.0673698798891285,XGBoost,tuned
0,0.023905415,1157,0.4739860712822614,374,0.9790575916230366,0.4739860712822614,2.0655830433464413,XGBoost,tuned
0,0.023872256,1158,0.47439573945104463,374,0.9790575916230366,0.47439573945104463,2.06379929287723,XGBoost,tuned
0,0.023799863,1159,0.4748054076198279,374,0.9790575916230366,0.4748054076198279,2.0620186204933844,XGBoost,tuned
0,0.02369416,1160,0.4752150757886112,374,0.9790575916230366,0.4752150757886112,2.0602410182343385,XGBoost,tuned
0,0.023584718,1161,0.4756247439573945,374,0.9790575916230366,0.4756247439573945,2.058466478166953,XGBoost,tuned
0,0.023481542,1162,0.4760344121261778,374,0.9790575916230366,0.4760344121261778,2.056694992385398,XGBoost,tuned
0,0.023439687,1163,0.4764440802949611,374,0.9790575916230366,0.4764440802949611,2.054926553011034,XGBoost,tuned
0,0.023435391,1164,0.47685374846374434,374,0.9790575916230366,0.47685374846374434,2.053161152192296,XGBoost,tuned
0,0.02335762,1165,0.47726341663252764,374,0.9790575916230366,0.47726341663252764,2.0513987821045774,XGBoost,tuned
0,0.023328342,1166,0.47767308480131093,374,0.9790575916230366,0.47767308480131093,2.0496394349501137,XGBoost,tuned
0,0.023210855,1167,0.4780827529700942,374,0.9790575916230366,0.4780827529700942,2.0478831029578686,XGBoost,tuned
0,0.023113815,1168,0.4784924211388775,374,0.9790575916230366,0.4784924211388775,2.0461297783834183,XGBoost,tuned
0,0.02309397,1169,0.4789020893076608,374,0.9790575916230366,0.4789020893076608,2.0443794535088387,XGBoost,tuned
0,0.023057321,1170,0.47931175747644406,374,0.9790575916230366,0.47931175747644406,2.0426321206425917,XGBoost,tuned
0,0.023036078,1171,0.47972142564522735,374,0.9790575916230366,0.47972142564522735,2.040887772119413,XGBoost,tuned
0,0.023013495,1172,0.48013109381401065,374,0.9790575916230366,0.48013109381401065,2.0391464003001984,XGBoost,tuned
0,0.02285117,1173,0.48054076198279394,374,0.9790575916230366,0.48054076198279394,2.037407997571895,XGBoost,tuned
0,0.022665687,1174,0.48095043015157724,374,0.9790575916230366,0.48095043015157724,2.035672556347387,XGBoost,tuned
0,0.022645252,1175,0.48136009832036053,374,0.9790575916230366,0.48136009832036053,2.0339400690653893,XGBoost,tuned
0,0.022630407,1176,0.48176976648914377,374,0.9790575916230366,0.48176976648914377,2.0322105281903338,XGBoost,tuned
0,0.022608032,1177,0.48217943465792706,374,0.9790575916230366,0.48217943465792706,2.0304839262122623,XGBoost,tuned
0,0.022367133,1178,0.48258910282671036,374,0.9790575916230366,0.48258910282671036,2.028760255646717,XGBoost,tuned
0,0.02227949,1179,0.48299877099549365,374,0.9790575916230366,0.48299877099549365,2.027039509034633,XGBoost,tuned
0,0.022246307,1180,0.48340843916427695,374,0.9790575916230366,0.48340843916427695,2.025321678942231,XGBoost,tuned
0,0.022111578,1181,0.48381810733306024,374,0.9790575916230366,0.48381810733306024,2.023606757960908,XGBoost,tuned
0,0.022109864,1182,0.4842277755018435,374,0.9790575916230366,0.4842277755018435,2.021894738707134,XGBoost,tuned
0,0.022039827,1183,0.4846374436706268,374,0.9790575916230366,0.4846374436706268,2.0201856138223437,XGBoost,tuned
0,0.022021206,1184,0.48504711183941007,374,0.9790575916230366,0.48504711183941007,2.0184793759728317,XGBoost,tuned
0,0.022012351,1185,0.48545678000819337,374,0.9790575916230366,0.48545678000819337,2.0167760178496477,XGBoost,tuned
0,0.021906821,1186,0.48586644817697666,374,0.9790575916230366,0.48586644817697666,2.0150755321684928,XGBoost,tuned
0,0.021790687,1187,0.48627611634575996,374,0.9790575916230366,0.48627611634575996,2.013377911669614,XGBoost,tuned
1,0.021765718,1188,0.4866857845145432,375,0.981675392670157,0.4866857845145432,2.017061981067217,XGBoost,tuned
0,0.021763641,1189,0.4870954526833265,375,0.981675392670157,0.4870954526833265,2.015365545422921,XGBoost,tuned
0,0.021704823,1190,0.4875051208521098,375,0.981675392670157,0.4875051208521098,2.013671960930969,XGBoost,tuned
0,0.021702936,1191,0.4879147890208931,375,0.981675392670157,0.4879147890208931,2.0119812204096164,XGBoost,tuned
0,0.021589603,1192,0.4883244571896764,375,0.981675392670157,0.4883244571896764,2.0102933167012194,XGBoost,tuned
0,0.021518841,1193,0.48873412535845967,375,0.981675392670157,0.48873412535845967,2.008608242672132,XGBoost,tuned
0,0.021500336,1194,0.4891437935272429,375,0.981675392670157,0.4891437935272429,2.0069259912126074,XGBoost,tuned
0,0.021454418,1195,0.4895534616960262,375,0.981675392670157,0.4895534616960262,2.0052465552366976,XGBoost,tuned
0,0.021427127,1196,0.4899631298648095,375,0.981675392670157,0.4899631298648095,2.0035699276821517,XGBoost,tuned
0,0.021407537,1197,0.4903727980335928,375,0.981675392670157,0.4903727980335928,2.00189610151032,XGBoost,tuned
0,0.02138425,1198,0.4907824662023761,375,0.981675392670157,0.4907824662023761,2.0002250697060546,XGBoost,tuned
0,0.021255242,1199,0.4911921343711594,375,0.981675392670157,0.4911921343711594,1.998556825277609,XGBoost,tuned
0,0.021048333,1200,0.4916018025399426,375,0.981675392670157,0.4916018025399426,1.9968913612565444,XGBoost,tuned
0,0.02100434,1201,0.4920114707087259,375,0.981675392670157,0.4920114707087259,1.9952286706976299,XGBoost,tuned
1,0.020972297,1202,0.4924211388775092,376,0.9842931937172775,0.4924211388775092,1.9988849300032234,XGBoost,tuned
0,0.020961965,1203,0.4928308070462925,376,0.9842931937172775,0.4928308070462925,1.9972233465202613,XGBoost,tuned
0,0.020940216,1204,0.4932404752150758,376,0.9842931937172775,0.4932404752150758,1.9955645231427528,XGBoost,tuned
0,0.020938741,1205,0.4936501433838591,376,0.9842931937172775,0.4936501433838591,1.9939084529990658,XGBoost,tuned
0,0.020921076,1206,0.49405981155264234,376,0.9842931937172775,0.49405981155264234,1.9922551292403603,XGBoost,tuned
0,0.020792667,1207,0.49446947972142563,376,0.9842931937172775,0.49446947972142563,1.9906045450404926,XGBoost,tuned
0,0.020746978,1208,0.4948791478902089,376,0.9842931937172775,0.4948791478902089,1.9889566935959226,XGBoost,tuned
0,0.020745415,1209,0.4952888160589922,376,0.9842931937172775,0.4952888160589922,1.98731156812562,XGBoost,tuned
0,0.020675512,1210,0.4956984842277755,376,0.9842931937172775,0.4956984842277755,1.9856691618709705,XGBoost,tuned
0,0.020665988,1211,0.4961081523965588,376,0.9842931937172775,0.4961081523965588,1.984029468095685,XGBoost,tuned
0,0.020569349,1212,0.49651782056534205,376,0.9842931937172775,0.49651782056534205,1.9823924800857051,XGBoost,tuned
0,0.02050141,1213,0.49692748873412534,376,0.9842931937172775,0.49692748873412534,1.9807581911491134,XGBoost,tuned
0,0.020256503,1214,0.49733715690290864,376,0.9842931937172775,0.49733715690290864,1.9791265946160417,XGBoost,tuned
0,0.020250082,1215,0.49774682507169193,376,0.9842931937172775,0.49774682507169193,1.9774976838385798,XGBoost,tuned
0,0.020239944,1216,0.49815649324047523,376,0.9842931937172775,0.49815649324047523,1.9758714521906862,XGBoost,tuned
0,0.02018779,1217,0.4985661614092585,376,0.9842931937172775,0.4985661614092585,1.9742478930680973,XGBoost,tuned
0,0.020155624,1218,0.49897582957804176,376,0.9842931937172775,0.49897582957804176,1.9726269998882386,XGBoost,tuned
0,0.02002557,1219,0.49938549774682506,376,0.9842931937172775,0.49938549774682506,1.971008766090135,XGBoost,tuned
0,0.019783743,1220,0.49979516591560835,376,0.9842931937172775,0.49979516591560835,1.9693931851343234,XGBoost,tuned
0,0.019762233,1221,0.5002048340843916,376,0.9842931937172775,0.5002048340843916,1.9677802505027637,XGBoost,tuned
0,0.019656722,1222,0.5006145022531749,376,0.9842931937172775,0.5006145022531749,1.9661699556987515,XGBoost,tuned
0,0.019584797,1223,0.5010241704219582,376,0.9842931937172775,0.5010241704219582,1.964562294246831,XGBoost,tuned
0,0.019557558,1224,0.5014338385907415,376,0.9842931937172775,0.5014338385907415,1.9629572596927078,XGBoost,tuned
0,0.01936089,1225,0.5018435067595248,376,0.9842931937172775,0.5018435067595248,1.9613548456031626,XGBoost,tuned
0,0.019316155,1226,0.5022531749283081,376,0.9842931937172775,0.5022531749283081,1.9597550455659658,XGBoost,tuned
1,0.019294547,1227,0.5026628430970913,377,0.9869109947643979,0.5026628430970913,1.9633657198206158,XGBoost,tuned
0,0.019219823,1228,0.5030725112658746,377,0.9869109947643979,0.5030725112658746,1.9617668878012178,XGBoost,tuned
0,0.019211259,1229,0.5034821794346579,377,0.9869109947643979,0.5034821794346579,1.9601706576239997,XGBoost,tuned
0,0.019172858,1230,0.5038918476034412,377,0.9869109947643979,0.5038918476034412,1.9585770229430044,XGBoost,tuned
0,0.019146988,1231,0.5043015157722245,377,0.9869109947643979,0.5043015157722245,1.9569859774328964,XGBoost,tuned
0,0.019139852,1232,0.5047111839410078,377,0.9869109947643979,0.5047111839410078,1.955397514788876,XGBoost,tuned
0,0.01911569,1233,0.5051208521097911,377,0.9869109947643979,0.5051208521097911,1.953811628726598,XGBoost,tuned
0,0.019042071,1234,0.5055305202785744,377,0.9869109947643979,0.5055305202785744,1.952228312982087,XGBoost,tuned
0,0.019037012,1235,0.5059401884473577,377,0.9869109947643979,0.5059401884473577,1.950647561311656,XGBoost,tuned
0,0.019017138,1236,0.506349856616141,377,0.9869109947643979,0.506349856616141,1.9490693674918245,XGBoost,tuned
0,0.01900456,1237,0.5067595247849243,377,0.9869109947643979,0.5067595247849243,1.9474937253192361,XGBoost,tuned
0,0.018982986,1238,0.5071691929537075,377,0.9869109947643979,0.5071691929537075,1.9459206286105777,XGBoost,tuned
0,0.018914904,1239,0.5075788611224907,377,0.9869109947643979,0.5075788611224907,1.9443500712024984,XGBoost,tuned
0,0.018847642,1240,0.507988529291274,377,0.9869109947643979,0.507988529291274,1.9427820469515287,XGBoost,tuned
0,0.01882374,1241,0.5083981974600573,377,0.9869109947643979,0.5083981974600573,1.9412165497340013,XGBoost,tuned
0,0.018612824,1242,0.5088078656288406,377,0.9869109947643979,0.5088078656288406,1.9396535734459706,XGBoost,tuned
0,0.018516913,1243,0.5092175337976239,377,0.9869109947643979,0.5092175337976239,1.938093112003134,XGBoost,tuned
0,0.018497074,1244,0.5096272019664072,377,0.9869109947643979,0.5096272019664072,1.9365351593407518,XGBoost,tuned
0,0.018491382,1245,0.5100368701351905,377,0.9869109947643979,0.5100368701351905,1.9349797094135706,XGBoost,tuned
0,0.018482456,1246,0.5104465383039738,377,0.9869109947643979,0.5104465383039738,1.9334267561957426,XGBoost,tuned
0,0.018431192,1247,0.5108562064727571,377,0.9869109947643979,0.5108562064727571,1.9318762936807499,XGBoost,tuned
0,0.018372975,1248,0.5112658746415404,377,0.9869109947643979,0.5112658746415404,1.9303283158813263,XGBoost,tuned
0,0.018256376,1249,0.5116755428103237,377,0.9869109947643979,0.5116755428103237,1.9287828168293797,XGBoost,tuned
0,0.017992895,1250,0.512085210979107,377,0.9869109947643979,0.512085210979107,1.927239790575916,XGBoost,tuned
0,0.01796197,1251,0.5124948791478902,377,0.9869109947643979,0.5124948791478902,1.9256992311909638,XGBoost,tuned
0,0.017948886,1252,0.5129045473166735,377,0.9869109947643979,0.5129045473166735,1.9241611327634949,XGBoost,tuned
0,0.017910348,1253,0.5133142154854567,377,0.9869109947643979,0.5133142154854567,1.922625489401353,XGBoost,tuned
0,0.017884726,1254,0.51372388365424,377,0.9869109947643979,0.51372388365424,1.9210922952311766,XGBoost,tuned
0,0.017805433,1255,0.5141335518230233,377,0.9869109947643979,0.5141335518230233,1.919561544398323,XGBoost,tuned
0,0.017674152,1256,0.5145432199918066,377,0.9869109947643979,0.5145432199918066,1.9180332310667956,XGBoost,tuned
0,0.017625455,1257,0.5149528881605899,377,0.9869109947643979,0.5149528881605899,1.916507349419169,XGBoost,tuned
0,0.01751485,1258,0.5153625563293732,377,0.9869109947643979,0.5153625563293732,1.9149838936565144,XGBoost,tuned
0,0.017443342,1259,0.5157722244981565,377,0.9869109947643979,0.5157722244981565,1.9134628579983282,XGBoost,tuned
0,0.017302398,1260,0.5161818926669398,377,0.9869109947643979,0.5161818926669398,1.9119442366824564,XGBoost,tuned
0,0.017298393,1261,0.5165915608357231,377,0.9869109947643979,0.5165915608357231,1.910428023965024,XGBoost,tuned
0,0.017258355,1262,0.5170012290045064,377,0.9869109947643979,0.5170012290045064,1.9089142141203606,XGBoost,tuned
0,0.01714662,1263,0.5174108971732896,377,0.9869109947643979,0.5174108971732896,1.9074028014409308,XGBoost,tuned
0,0.017139005,1264,0.5178205653420729,377,0.9869109947643979,0.5178205653420729,1.905893780237259,XGBoost,tuned
0,0.017019404,1265,0.5182302335108562,377,0.9869109947643979,0.5182302335108562,1.904387144837862,XGBoost,tuned
0,0.016960472,1266,0.5186399016796395,377,0.9869109947643979,0.5186399016796395,1.902882889589175,XGBoost,tuned
0,0.016928304,1267,0.5190495698484228,377,0.9869109947643979,0.5190495698484228,1.9013810088554817,XGBoost,tuned
0,0.016871318,1268,0.5194592380172061,377,0.9869109947643979,0.5194592380172061,1.899881497018845,XGBoost,tuned
0,0.016780125,1269,0.5198689061859894,377,0.9869109947643979,0.5198689061859894,1.8983843484790348,XGBoost,tuned
0,0.016636504,1270,0.5202785743547726,377,0.9869109947643979,0.5202785743547726,1.8968895576534608,XGBoost,tuned
0,0.016621899,1271,0.5206882425235559,377,0.9869109947643979,0.5206882425235559,1.8953971189771008,XGBoost,tuned
0,0.016576745,1272,0.5210979106923392,377,0.9869109947643979,0.5210979106923392,1.8939070269024334,XGBoost,tuned
0,0.016548853,1273,0.5215075788611225,377,0.9869109947643979,0.5215075788611225,1.8924192758993676,XGBoost,tuned
0,0.01647461,1274,0.5219172470299058,377,0.9869109947643979,0.5219172470299058,1.8909338604551766,XGBoost,tuned
0,0.016421491,1275,0.522326915198689,377,0.9869109947643979,0.522326915198689,1.8894507750744278,XGBoost,tuned
0,0.016372172,1276,0.5227365833674723,377,0.9869109947643979,0.5227365833674723,1.8879700142789149,XGBoost,tuned
0,0.016355071,1277,0.5231462515362556,377,0.9869109947643979,0.5231462515362556,1.8864915726075924,XGBoost,tuned
0,0.016275324,1278,0.5235559197050389,377,0.9869109947643979,0.5235559197050389,1.8850154446165066,XGBoost,tuned
0,0.016116569,1279,0.5239655878738222,377,0.9869109947643979,0.5239655878738222,1.8835416248787298,XGBoost,tuned
0,0.016111435,1280,0.5243752560426055,377,0.9869109947643979,0.5243752560426055,1.8820701079842932,XGBoost,tuned
0,0.016000848,1281,0.5247849242113888,377,0.9869109947643979,0.5247849242113888,1.8806008885401213,XGBoost,tuned
0,0.015795713,1282,0.5251945923801721,377,0.9869109947643979,0.5251945923801721,1.8791339611699651,XGBoost,tuned
0,0.015753604,1283,0.5256042605489554,377,0.9869109947643979,0.5256042605489554,1.8776693205143375,XGBoost,tuned
0,0.015661856,1284,0.5260139287177387,377,0.9869109947643979,0.5260139287177387,1.876206961230448,XGBoost,tuned
0,0.015626337,1285,0.526423596886522,377,0.9869109947643979,0.526423596886522,1.8747468779921364,XGBoost,tuned
0,0.0155748995,1286,0.5268332650553053,377,0.9869109947643979,0.5268332650553053,1.8732890654898096,XGBoost,tuned
0,0.015530944,1287,0.5272429332240884,377,0.9869109947643979,0.5272429332240884,1.8718335184303774,XGBoost,tuned
0,0.015513113,1288,0.5276526013928717,377,0.9869109947643979,0.5276526013928717,1.870380231537186,XGBoost,tuned
0,0.01550426,1289,0.528062269561655,377,0.9869109947643979,0.528062269561655,1.8689291995499577,XGBoost,tuned
0,0.015486283,1290,0.5284719377304383,377,0.9869109947643979,0.5284719377304383,1.867480417224725,XGBoost,tuned
0,0.01546573,1291,0.5288816058992216,377,0.9869109947643979,0.5288816058992216,1.8660338793337687,XGBoost,tuned
1,0.01543094,1292,0.5292912740680049,378,0.9895287958115183,0.5292912740680049,1.869535441622226,XGBoost,tuned
0,0.015418514,1293,0.5297009422367882,378,0.9895287958115183,0.5297009422367882,1.868089551876192,XGBoost,tuned
0,0.01539742,1294,0.5301106104055715,378,0.9895287958115183,0.5301106104055715,1.866645896890198,XGBoost,tuned
0,0.015396401,1295,0.5305202785743548,378,0.9895287958115183,0.5305202785743548,1.8652044714871938,XGBoost,tuned
0,0.015390654,1296,0.5309299467431381,378,0.9895287958115183,0.5309299467431381,1.863765270506108,XGBoost,tuned
0,0.015354495,1297,0.5313396149119214,378,0.9895287958115183,0.5313396149119214,1.8623282888017856,XGBoost,tuned
0,0.015335475,1298,0.5317492830807047,378,0.9895287958115183,0.5317492830807047,1.8608935212449276,XGBoost,tuned
0,0.015319815,1299,0.5321589512494879,378,0.9895287958115183,0.5321589512494879,1.8594609627220295,XGBoost,tuned
0,0.015278257,1300,0.5325686194182712,378,0.9895287958115183,0.5325686194182712,1.8580306081353204,XGBoost,tuned
0,0.015251056,1301,0.5329782875870545,378,0.9895287958115183,0.5329782875870545,1.8566024524027027,XGBoost,tuned
0,0.015145608,1302,0.5333879557558378,378,0.9895287958115183,0.5333879557558378,1.855176490457693,XGBoost,tuned
0,0.015108857,1303,0.533797623924621,378,0.9895287958115183,0.533797623924621,1.8537527172493602,XGBoost,tuned
0,0.015108204,1304,0.5342072920934043,378,0.9895287958115183,0.5342072920934043,1.852331127742267,XGBoost,tuned
0,0.015088975,1305,0.5346169602621876,378,0.9895287958115183,0.5346169602621876,1.8509117169164109,XGBoost,tuned
0,0.015079801,1306,0.5350266284309709,378,0.9895287958115183,0.5350266284309709,1.849494479767164,XGBoost,tuned
0,0.015056518,1307,0.5354362965997542,378,0.9895287958115183,0.5354362965997542,1.848079411305215,XGBoost,tuned
0,0.0150319645,1308,0.5358459647685375,378,0.9895287958115183,0.5358459647685375,1.8466665065565107,XGBoost,tuned
0,0.01489352,1309,0.5362556329373208,378,0.9895287958115183,0.5362556329373208,1.845255760562197,XGBoost,tuned
0,0.01485382,1310,0.5366653011061041,378,0.9895287958115183,0.5366653011061041,1.8438471683785618,XGBoost,tuned
0,0.014726683,1311,0.5370749692748873,378,0.9895287958115183,0.5370749692748873,1.8424407250769768,XGBoost,tuned
0,0.014688975,1312,0.5374846374436706,378,0.9895287958115183,0.5374846374436706,1.8410364257438387,XGBoost,tuned
0,0.014682607,1313,0.5378943056124539,378,0.9895287958115183,0.5378943056124539,1.8396342654805151,XGBoost,tuned
0,0.014664033,1314,0.5383039737812372,378,0.9895287958115183,0.5383039737812372,1.838234239403285,XGBoost,tuned
0,0.0146476105,1315,0.5387136419500205,378,0.9895287958115183,0.5387136419500205,1.8368363426432823,XGBoost,tuned
0,0.014636548,1316,0.5391233101188038,378,0.9895287958115183,0.5391233101188038,1.835440570346441,XGBoost,tuned
0,0.0145927025,1317,0.5395329782875871,378,0.9895287958115183,0.5395329782875871,1.8340469176734366,XGBoost,tuned
0,0.014547579,1318,0.5399426464563704,378,0.9895287958115183,0.5399426464563704,1.8326553797996328,XGBoost,tuned
0,0.014392614,1319,0.5403523146251537,378,0.9895287958115183,0.5403523146251537,1.8312659519150236,XGBoost,tuned
0,0.014342564,1320,0.540761982793937,378,0.9895287958115183,0.540761982793937,1.8298786292241789,XGBoost,tuned
0,0.014337879,1321,0.5411716509627202,378,0.9895287958115183,0.5411716509627202,1.8284934069461893,XGBoost,tuned
0,0.014265926,1322,0.5415813191315035,378,0.9895287958115183,0.5415813191315035,1.827110280314611,XGBoost,tuned
0,0.014257485,1323,0.5419909873002867,378,0.9895287958115183,0.5419909873002867,1.8257292445774123,XGBoost,tuned
0,0.014118179,1324,0.54240065546907,378,0.9895287958115183,0.54240065546907,1.8243502949969157,XGBoost,tuned
0,0.0140825035,1325,0.5428103236378533,378,0.9895287958115183,0.5428103236378533,1.8229734268497482,XGBoost,tuned
0,0.014037284,1326,0.5432199918066366,378,0.9895287958115183,0.5432199918066366,1.8215986354267846,XGBoost,tuned
0,0.013989886,1327,0.5436296599754199,378,0.9895287958115183,0.5436296599754199,1.8202259160330945,XGBoost,tuned
0,0.013800957,1328,0.5440393281442032,378,0.9895287958115183,0.5440393281442032,1.8188552639878888,XGBoost,tuned
0,0.013637777,1329,0.5444489963129865,378,0.9895287958115183,0.5444489963129865,1.8174866746244667,XGBoost,tuned
0,0.013500226,1330,0.5448586644817698,378,0.9895287958115183,0.5448586644817698,1.8161201432901626,XGBoost,tuned
0,0.013477098,1331,0.5452683326505531,378,0.9895287958115183,0.5452683326505531,1.814755665346293,XGBoost,tuned
0,0.013424623,1332,0.5456780008193364,378,0.9895287958115183,0.5456780008193364,1.813393236168105,XGBoost,tuned
0,0.013388868,1333,0.5460876689881197,378,0.9895287958115183,0.5460876689881197,1.8120328511447232,XGBoost,tuned
0,0.013290797,1334,0.546497337156903,378,0.9895287958115183,0.546497337156903,1.8106745056790974,XGBoost,tuned
0,0.013234767,1335,0.5469070053256861,378,0.9895287958115183,0.5469070053256861,1.8093181951879524,XGBoost,tuned
0,0.013173717,1336,0.5473166734944694,378,0.9895287958115183,0.5473166734944694,1.8079639151017337,XGBoost,tuned
0,0.013111364,1337,0.5477263416632527,378,0.9895287958115183,0.5477263416632527,1.8066116608645597,XGBoost,tuned
0,0.013094352,1338,0.548136009832036,378,0.9895287958115183,0.548136009832036,1.8052614279341677,XGBoost,tuned
0,0.013085014,1339,0.5485456780008193,378,0.9895287958115183,0.5485456780008193,1.8039132117818644,XGBoost,tuned
0,0.013051699,1340,0.5489553461696026,378,0.9895287958115183,0.5489553461696026,1.8025670078924747,XGBoost,tuned
0,0.012987087,1341,0.5493650143383859,378,0.9895287958115183,0.5493650143383859,1.8012228117642926,XGBoost,tuned
0,0.012958184,1342,0.5497746825071692,378,0.9895287958115183,0.5497746825071692,1.7998806189090284,XGBoost,tuned
0,0.012919282,1343,0.5501843506759525,378,0.9895287958115183,0.5501843506759525,1.7985404248517618,XGBoost,tuned
0,0.012900462,1344,0.5505940188447358,378,0.9895287958115183,0.5505940188447358,1.79720222513089,XGBoost,tuned
0,0.012879549,1345,0.5510036870135191,378,0.9895287958115183,0.5510036870135191,1.7958660152980788,XGBoost,tuned
0,0.012854784,1346,0.5514133551823024,378,0.9895287958115183,0.5514133551823024,1.794531790918214,XGBoost,tuned
0,0.012837979,1347,0.5518230233510856,378,0.9895287958115183,0.5518230233510856,1.7931995475693514,XGBoost,tuned
0,0.0128212925,1348,0.5522326915198689,378,0.9895287958115183,0.5522326915198689,1.791869280842668,XGBoost,tuned
0,0.012760137,1349,0.5526423596886522,378,0.9895287958115183,0.5526423596886522,1.790540986342414,XGBoost,tuned
0,0.012759627,1350,0.5530520278574355,378,0.9895287958115183,0.5530520278574355,1.789214659685864,XGBoost,tuned
0,0.012678742,1351,0.5534616960262188,378,0.9895287958115183,0.5534616960262188,1.7878902965032688,XGBoost,tuned
0,0.012665564,1352,0.553871364195002,378,0.9895287958115183,0.553871364195002,1.786567892437808,XGBoost,tuned
0,0.01262316,1353,0.5542810323637853,378,0.9895287958115183,0.5542810323637853,1.7852474431455405,XGBoost,tuned
0,0.012508469,1354,0.5546907005325686,378,0.9895287958115183,0.5546907005325686,1.783928944295359,XGBoost,tuned
0,0.01250427,1355,0.5551003687013519,378,0.9895287958115183,0.5551003687013519,1.7826123915689418,XGBoost,tuned
0,0.012498689,1356,0.5555100368701352,378,0.9895287958115183,0.5555100368701352,1.781297780660705,XGBoost,tuned
0,0.012351268,1357,0.5559197050389185,378,0.9895287958115183,0.5559197050389185,1.7799851072777568,XGBoost,tuned
0,0.01234733,1358,0.5563293732077018,378,0.9895287958115183,0.5563293732077018,1.7786743671398497,XGBoost,tuned
1,0.012331198,1359,0.556739041376485,379,0.9921465968586387,0.556739041376485,1.7820675812597038,XGBoost,tuned
0,0.012252033,1360,0.5571487095452683,379,0.9921465968586387,0.5571487095452683,1.7807572374499538,XGBoost,tuned
0,0.012221163,1361,0.5575583777140516,379,0.9921465968586387,0.5575583777140516,1.7794488192005418,XGBoost,tuned
0,0.012082461,1362,0.5579680458828349,379,0.9921465968586387,0.5579680458828349,1.7781423222701447,XGBoost,tuned
0,0.01201057,1363,0.5583777140516182,379,0.9921465968586387,0.5583777140516182,1.7768377424298878,XGBoost,tuned
0,0.011867835,1364,0.5587873822204015,379,0.9921465968586387,0.5587873822204015,1.775535075463297,XGBoost,tuned
0,0.011844395,1365,0.5591970503891848,379,0.9921465968586387,0.5591970503891848,1.7742343171662542,XGBoost,tuned
0,0.011756218,1366,0.5596067185579681,379,0.9921465968586387,0.5596067185579681,1.7729354633469525,XGBoost,tuned
0,0.011754682,1367,0.5600163867267514,379,0.9921465968586387,0.5600163867267514,1.77163850982585,XGBoost,tuned
0,0.011739687,1368,0.5604260548955347,379,0.9921465968586387,0.5604260548955347,1.7703434524356265,XGBoost,tuned
0,0.01168135,1369,0.560835723064318,379,0.9921465968586387,0.560835723064318,1.7690502870211373,XGBoost,tuned
0,0.011654137,1370,0.5612453912331012,379,0.9921465968586387,0.5612453912331012,1.76775900943937,XGBoost,tuned
0,0.011650452,1371,0.5616550594018844,379,0.9921465968586387,0.5616550594018844,1.7664696155594,XGBoost,tuned
0,0.011588603,1372,0.5620647275706677,379,0.9921465968586387,0.5620647275706677,1.765182101262345,XGBoost,tuned
0,0.011445499,1373,0.562474395739451,379,0.9921465968586387,0.562474395739451,1.7638964624413236,XGBoost,tuned
0,0.011442715,1374,0.5628840639082343,379,0.9921465968586387,0.5628840639082343,1.7626126950014098,XGBoost,tuned
0,0.011149154,1375,0.5632937320770176,379,0.9921465968586387,0.5632937320770176,1.7613307948595907,XGBoost,tuned
0,0.011104657,1376,0.5637034002458009,379,0.9921465968586387,0.5637034002458009,1.7600507579447218,XGBoost,tuned
0,0.011071664,1377,0.5641130684145842,379,0.9921465968586387,0.5641130684145842,1.7587725801974852,XGBoost,tuned
0,0.011060747,1378,0.5645227365833675,379,0.9921465968586387,0.5645227365833675,1.757496257570346,XGBoost,tuned
0,0.011034641,1379,0.5649324047521508,379,0.9921465968586387,0.5649324047521508,1.7562217860275104,XGBoost,tuned
0,0.010989554,1380,0.5653420729209341,379,0.9921465968586387,0.5653420729209341,1.7549491615448818,XGBoost,tuned
0,0.0109586315,1381,0.5657517410897174,379,0.9921465968586387,0.5657517410897174,1.7536783801100195,XGBoost,tuned
0,0.010956492,1382,0.5661614092585007,379,0.9921465968586387,0.5661614092585007,1.7524094377220962,XGBoost,tuned
0,0.010904632,1383,0.5665710774272839,379,0.9921465968586387,0.5665710774272839,1.7511423303918563,XGBoost,tuned
0,0.010851657,1384,0.5669807455960671,379,0.9921465968586387,0.5669807455960671,1.7498770541415731,XGBoost,tuned
0,0.010820429,1385,0.5673904137648504,379,0.9921465968586387,0.5673904137648504,1.7486136050050087,XGBoost,tuned
0,0.010779167,1386,0.5678000819336337,379,0.9921465968586387,0.5678000819336337,1.7473519790273717,XGBoost,tuned
0,0.010775953,1387,0.568209750102417,379,0.9921465968586387,0.568209750102417,1.7460921722652756,XGBoost,tuned
0,0.010711488,1388,0.5686194182712003,379,0.9921465968586387,0.5686194182712003,1.7448341807866983,XGBoost,tuned
0,0.010695332,1389,0.5690290864399836,379,0.9921465968586387,0.5690290864399836,1.743578000670941,XGBoost,tuned
0,0.010669365,1390,0.5694387546087669,379,0.9921465968586387,0.5694387546087669,1.7423236280085879,XGBoost,tuned
0,0.010656034,1391,0.5698484227775502,379,0.9921465968586387,0.5698484227775502,1.7410710589014644,XGBoost,tuned
0,0.010636547,1392,0.5702580909463335,379,0.9921465968586387,0.5702580909463335,1.7398202894625983,XGBoost,tuned
0,0.010609805,1393,0.5706677591151168,379,0.9921465968586387,0.5706677591151168,1.7385713158161786,XGBoost,tuned
0,0.010559886,1394,0.5710774272839001,379,0.9921465968586387,0.5710774272839001,1.7373241340975156,XGBoost,tuned
0,0.01055758,1395,0.5714870954526833,379,0.9921465968586387,0.5714870954526833,1.7360787404530016,XGBoost,tuned
0,0.010510151,1396,0.5718967636214666,379,0.9921465968586387,0.5718967636214666,1.7348351310400696,XGBoost,tuned
0,0.010494586,1397,0.5723064317902499,379,0.9921465968586387,0.5723064317902499,1.7335933020271561,XGBoost,tuned
0,0.010431192,1398,0.5727160999590332,379,0.9921465968586387,0.5727160999590332,1.7323532495936604,XGBoost,tuned
0,0.0104202945,1399,0.5731257681278165,379,0.9921465968586387,0.5731257681278165,1.731114969929905,XGBoost,tuned
0,0.010376595,1400,0.5735354362965998,379,0.9921465968586387,0.5735354362965998,1.729878459237098,XGBoost,tuned
0,0.010353689,1401,0.573945104465383,379,0.9921465968586387,0.573945104465383,1.7286437137272928,XGBoost,tuned
0,0.010320372,1402,0.5743547726341663,379,0.9921465968586387,0.5743547726341663,1.7274107296233503,XGBoost,tuned
0,0.010317844,1403,0.5747644408029496,379,0.9921465968586387,0.5747644408029496,1.7261795031589002,XGBoost,tuned
0,0.010287189,1404,0.5751741089717329,379,0.9921465968586387,0.5751741089717329,1.7249500305783028,XGBoost,tuned
0,0.010285578,1405,0.5755837771405162,379,0.9921465968586387,0.5755837771405162,1.72372230813661,XGBoost,tuned
0,0.010284524,1406,0.5759934453092994,379,0.9921465968586387,0.5759934453092994,1.7224963320995286,XGBoost,tuned
0,0.010279914,1407,0.5764031134780827,379,0.9921465968586387,0.5764031134780827,1.7212720987433812,XGBoost,tuned
0,0.010250894,1408,0.576812781646866,379,0.9921465968586387,0.576812781646866,1.720049604355069,XGBoost,tuned
0,0.010229109,1409,0.5772224498156493,379,0.9921465968586387,0.5772224498156493,1.7188288452320348,XGBoost,tuned
0,0.010219309,1410,0.5776321179844326,379,0.9921465968586387,0.5776321179844326,1.717609817682225,XGBoost,tuned
0,0.010206954,1411,0.5780417861532159,379,0.9921465968586387,0.5780417861532159,1.7163925180240518,XGBoost,tuned
0,0.010128514,1412,0.5784514543219992,379,0.9921465968586387,0.5784514543219992,1.7151769425863577,XGBoost,tuned
0,0.010121703,1413,0.5788611224907825,379,0.9921465968586387,0.5788611224907825,1.7139630877083774,XGBoost,tuned
0,0.010103756,1414,0.5792707906595658,379,0.9921465968586387,0.5792707906595658,1.7127509497397009,XGBoost,tuned
0,0.0100501245,1415,0.5796804588283491,379,0.9921465968586387,0.5796804588283491,1.7115405250402382,XGBoost,tuned
0,0.010021018,1416,0.5800901269971324,379,0.9921465968586387,0.5800901269971324,1.7103318099801814,XGBoost,tuned
0,0.010013107,1417,0.5804997951659157,379,0.9921465968586387,0.5804997951659157,1.7091248009399695,XGBoost,tuned
0,0.009994832,1418,0.5809094633346988,379,0.9921465968586387,0.5809094633346988,1.707919494310252,XGBoost,tuned
0,0.00998819,1419,0.5813191315034821,379,0.9921465968586387,0.5813191315034821,1.7067158864918515,XGBoost,tuned
0,0.00997746,1420,0.5817287996722654,379,0.9921465968586387,0.5817287996722654,1.7055139738957303,XGBoost,tuned
0,0.0099255135,1421,0.5821384678410487,379,0.9921465968586387,0.5821384678410487,1.7043137529429537,XGBoost,tuned
0,0.009921667,1422,0.582548136009832,379,0.9921465968586387,0.582548136009832,1.7031152200646533,XGBoost,tuned
0,0.009856992,1423,0.5829578041786153,379,0.9921465968586387,0.5829578041786153,1.7019183717019937,XGBoost,tuned
0,0.00985375,1424,0.5833674723473986,379,0.9921465968586387,0.5833674723473986,1.7007232043061355,XGBoost,tuned
0,0.009786949,1425,0.5837771405161819,379,0.9921465968586387,0.5837771405161819,1.6995297143382013,XGBoost,tuned
1,0.009741384,1426,0.5841868086849652,380,0.9947643979057592,0.5841868086849652,1.7028190009031965,XGBoost,tuned
0,0.009740758,1427,0.5845964768537485,380,0.9947643979057592,0.5845964768537485,1.7016257149880576,XGBoost,tuned
0,0.009726749,1428,0.5850061450225318,380,0.9947643979057592,0.5850061450225318,1.7004341003417074,XGBoost,tuned
0,0.00970443,1429,0.5854158131913151,380,0.9947643979057592,0.5854158131913151,1.699244153455534,XGBoost,tuned
0,0.009642291,1430,0.5858254813600983,380,0.9947643979057592,0.5858254813600983,1.6980558708307403,XGBoost,tuned
0,0.0096255075,1431,0.5862351495288816,380,0.9947643979057592,0.5862351495288816,1.6968692489783077,XGBoost,tuned
0,0.009357446,1432,0.5866448176976649,380,0.9947643979057592,0.5866448176976649,1.6956842844189655,XGBoost,tuned
0,0.009356646,1433,0.5870544858664482,380,0.9947643979057592,0.5870544858664482,1.6945009736831531,XGBoost,tuned
0,0.00932912,1434,0.5874641540352314,380,0.9947643979057592,0.5874641540352314,1.693319313310989,XGBoost,tuned
0,0.009285512,1435,0.5878738222040147,380,0.9947643979057592,0.5878738222040147,1.6921392998522358,XGBoost,tuned
0,0.009198638,1436,0.588283490372798,380,0.9947643979057592,0.588283490372798,1.6909609298662662,XGBoost,tuned
0,0.009166733,1437,0.5886931585415813,380,0.9947643979057592,0.5886931585415813,1.6897841999220307,XGBoost,tuned
0,0.009134848,1438,0.5891028267103646,380,0.9947643979057592,0.5891028267103646,1.6886091065980238,XGBoost,tuned
0,0.009134248,1439,0.5895124948791479,380,0.9947643979057592,0.5895124948791479,1.6874356464822502,XGBoost,tuned
0,0.009113133,1440,0.5899221630479312,380,0.9947643979057592,0.5899221630479312,1.686263816172193,XGBoost,tuned
0,0.00907363,1441,0.5903318312167145,380,0.9947643979057592,0.5903318312167145,1.68509361227478,XGBoost,tuned
0,0.009069352,1442,0.5907414993854977,380,0.9947643979057592,0.5907414993854977,1.6839250314063512,XGBoost,tuned
0,0.008972059,1443,0.591151167554281,380,0.9947643979057592,0.591151167554281,1.6827580701926255,XGBoost,tuned
0,0.008916368,1444,0.5915608357230643,380,0.9947643979057592,0.5915608357230643,1.6815927252686693,XGBoost,tuned
0,0.008875217,1445,0.5919705038918476,380,0.9947643979057592,0.5919705038918476,1.6804289932788639,XGBoost,tuned
0,0.008872571,1446,0.5923801720606309,380,0.9947643979057592,0.5923801720606309,1.679266870876873,XGBoost,tuned
0,0.008859435,1447,0.5927898402294142,380,0.9947643979057592,0.5927898402294142,1.6781063547256103,XGBoost,tuned
0,0.008846599,1448,0.5931995083981975,380,0.9947643979057592,0.5931995083981975,1.6769474414972088,XGBoost,tuned
0,0.008820067,1449,0.5936091765669808,380,0.9947643979057592,0.5936091765669808,1.675790127872987,XGBoost,tuned
0,0.008817062,1450,0.594018844735764,380,0.9947643979057592,0.594018844735764,1.6746344105434194,XGBoost,tuned
0,0.008817008,1451,0.5944285129045473,380,0.9947643979057592,0.5944285129045473,1.6734802862081035,XGBoost,tuned
0,0.008815337,1452,0.5948381810733306,380,0.9947643979057592,0.5948381810733306,1.6723277515757287,XGBoost,tuned
0,0.008802281,1453,0.5952478492421139,380,0.9947643979057592,0.5952478492421139,1.6711768033640455,XGBoost,tuned
0,0.008801095,1454,0.5956575174108971,380,0.9947643979057592,0.5956575174108971,1.670027438299834,XGBoost,tuned
0,0.0087995725,1455,0.5960671855796804,380,0.9947643979057592,0.5960671855796804,1.6688796531188719,XGBoost,tuned
0,0.00878919,1456,0.5964768537484637,380,0.9947643979057592,0.5964768537484637,1.6677334445659056,XGBoost,tuned
0,0.008779884,1457,0.596886521917247,380,0.9947643979057592,0.596886521917247,1.666588809394618,XGBoost,tuned
0,0.008725623,1458,0.5972961900860303,380,0.9947643979057592,0.5972961900860303,1.6654457443675983,XGBoost,tuned
0,0.008665267,1459,0.5977058582548136,380,0.9947643979057592,0.5977058582548136,1.6643042462563113,XGBoost,tuned
0,0.008527757,1460,0.5981155264235969,380,0.9947643979057592,0.5981155264235969,1.6631643118410673,XGBoost,tuned
0,0.008491945,1461,0.5985251945923802,380,0.9947643979057592,0.5985251945923802,1.6620259379109912,XGBoost,tuned
0,0.008453017,1462,0.5989348627611635,380,0.9947643979057592,0.5989348627611635,1.6608891212639934,XGBoost,tuned
0,0.008447172,1463,0.5993445309299468,380,0.9947643979057592,0.5993445309299468,1.6597538587067382,XGBoost,tuned
0,0.008440202,1464,0.5997541990987301,380,0.9947643979057592,0.5997541990987301,1.6586201470546162,XGBoost,tuned
0,0.008327725,1465,0.6001638672675134,380,0.9947643979057592,0.6001638672675134,1.657487983131712,XGBoost,tuned
0,0.0083165765,1466,0.6005735354362965,380,0.9947643979057592,0.6005735354362965,1.6563573637707765,XGBoost,tuned
0,0.008302337,1467,0.6009832036050798,380,0.9947643979057592,0.6009832036050798,1.655228285813196,XGBoost,tuned
0,0.008280697,1468,0.6013928717738631,380,0.9947643979057592,0.6013928717738631,1.6541007461089634,XGBoost,tuned
0,0.008257426,1469,0.6018025399426464,380,0.9947643979057592,0.6018025399426464,1.6529747415166496,XGBoost,tuned
0,0.00818537,1470,0.6022122081114297,380,0.9947643979057592,0.6022122081114297,1.651850268903373,XGBoost,tuned
1,0.008155477,1471,0.602621876280213,381,0.9973821989528796,0.602621876280213,1.6550713444214677,XGBoost,tuned
0,0.0081343865,1472,0.6030315444489963,381,0.9973821989528796,0.6030315444489963,1.6539469753016163,XGBoost,tuned
0,0.008134044,1473,0.6034412126177796,381,0.9973821989528796,0.6034412126177796,1.6528241328200808,XGBoost,tuned
0,0.008088204,1474,0.6038508807865629,381,0.9973821989528796,0.6038508807865629,1.651702813869728,XGBoost,tuned
0,0.008075598,1475,0.6042605489553462,381,0.9973821989528796,0.6042605489553462,1.6505830153518501,XGBoost,tuned
0,0.008072889,1476,0.6046702171241295,381,0.9973821989528796,0.6046702171241295,1.6494647341761375,XGBoost,tuned
0,0.008054787,1477,0.6050798852929128,381,0.9973821989528796,0.6050798852929128,1.6483479672606491,XGBoost,tuned
0,0.008022593,1478,0.605489553461696,381,0.9973821989528796,0.605489553461696,1.6472327115317857,XGBoost,tuned
0,0.007958026,1479,0.6058992216304793,381,0.9973821989528796,0.6058992216304793,1.646118963924259,XGBoost,tuned
0,0.007953732,1480,0.6063088897992626,381,0.9973821989528796,0.6063088897992626,1.645006721381067,XGBoost,tuned
0,0.007903186,1481,0.6067185579680459,381,0.9973821989528796,0.6067185579680459,1.6438959808534634,XGBoost,tuned
0,0.007880493,1482,0.6071282261368292,381,0.9973821989528796,0.6071282261368292,1.6427867393009306,XGBoost,tuned
0,0.00787879,1483,0.6075378943056124,381,0.9973821989528796,0.6075378943056124,1.6416789936911524,XGBoost,tuned
0,0.007861558,1484,0.6079475624743957,381,0.9973821989528796,0.6079475624743957,1.640572740999986,XGBoost,tuned
0,0.007841348,1485,0.608357230643179,381,0.9973821989528796,0.608357230643179,1.6394679782114336,XGBoost,tuned
0,0.007838477,1486,0.6087668988119623,381,0.9973821989528796,0.6087668988119623,1.638364702317617,XGBoost,tuned
0,0.007831794,1487,0.6091765669807456,381,0.9973821989528796,0.6091765669807456,1.6372629103187484,XGBoost,tuned
0,0.00783172,1488,0.6095862351495289,381,0.9973821989528796,0.6095862351495289,1.6361625992231041,XGBoost,tuned
0,0.007795783,1489,0.6099959033183122,381,0.9973821989528796,0.6099959033183122,1.6350637660469973,XGBoost,tuned
0,0.0077663655,1490,0.6104055714870954,381,0.9973821989528796,0.6104055714870954,1.6339664078147513,XGBoost,tuned
0,0.007732263,1491,0.6108152396558787,381,0.9973821989528796,0.6108152396558787,1.6328705215586716,XGBoost,tuned
0,0.00772162,1492,0.611224907824662,381,0.9973821989528796,0.611224907824662,1.6317761043190209,XGBoost,tuned
0,0.007708023,1493,0.6116345759934453,381,0.9973821989528796,0.6116345759934453,1.6306831531439914,XGBoost,tuned
0,0.007702846,1494,0.6120442441622286,381,0.9973821989528796,0.6120442441622286,1.6295916650896782,XGBoost,tuned
0,0.0077004153,1495,0.6124539123310119,381,0.9973821989528796,0.6124539123310119,1.628501637220053,XGBoost,tuned
0,0.0076514366,1496,0.6128635804997952,381,0.9973821989528796,0.6128635804997952,1.627413066606938,XGBoost,tuned
0,0.007589514,1497,0.6132732486685785,381,0.9973821989528796,0.6132732486685785,1.6263259503299794,XGBoost,tuned
0,0.0075646406,1498,0.6136829168373618,381,0.9973821989528796,0.6136829168373618,1.6252402854766215,XGBoost,tuned
0,0.007540911,1499,0.614092585006145,381,0.9973821989528796,0.614092585006145,1.6241560691420807,XGBoost,tuned
0,0.0075397626,1500,0.6145022531749283,381,0.9973821989528796,0.6145022531749283,1.6230732984293192,XGBoost,tuned
0,0.0075275437,1501,0.6149119213437116,381,0.9973821989528796,0.6149119213437116,1.62199197044902,XGBoost,tuned
0,0.007427624,1502,0.6153215895124948,381,0.9973821989528796,0.6153215895124948,1.6209120823195602,XGBoost,tuned
0,0.007398111,1503,0.6157312576812781,381,0.9973821989528796,0.6157312576812781,1.6198336311669856,XGBoost,tuned
0,0.007390631,1504,0.6161409258500614,381,0.9973821989528796,0.6161409258500614,1.6187566141249863,XGBoost,tuned
0,0.0073716254,1505,0.6165505940188447,381,0.9973821989528796,0.6165505940188447,1.61768102833487,XGBoost,tuned
0,0.007319715,1506,0.616960262187628,381,0.9973821989528796,0.616960262187628,1.6166068709455372,XGBoost,tuned
0,0.0073060347,1507,0.6173699303564113,381,0.9973821989528796,0.6173699303564113,1.6155341391134566,XGBoost,tuned
0,0.007300863,1508,0.6177795985251946,381,0.9973821989528796,0.6177795985251946,1.6144628300026387,XGBoost,tuned
0,0.0072925114,1509,0.6181892666939779,381,0.9973821989528796,0.6181892666939779,1.6133929407846117,XGBoost,tuned
0,0.007235438,1510,0.6185989348627612,381,0.9973821989528796,0.6185989348627612,1.6123244686383966,XGBoost,tuned
0,0.007225461,1511,0.6190086030315445,381,0.9973821989528796,0.6190086030315445,1.6112574107504825,XGBoost,tuned
0,0.0072243186,1512,0.6194182712003278,381,0.9973821989528796,0.6194182712003278,1.610191764314801,XGBoost,tuned
0,0.0072027706,1513,0.6198279393691111,381,0.9973821989528796,0.6198279393691111,1.6091275265327025,XGBoost,tuned
0,0.007173475,1514,0.6202376075378943,381,0.9973821989528796,0.6202376075378943,1.6080646946129322,XGBoost,tuned
0,0.007157545,1515,0.6206472757066775,381,0.9973821989528796,0.6206472757066775,1.6070032657716036,XGBoost,tuned
0,0.0071278038,1516,0.6210569438754608,381,0.9973821989528796,0.6210569438754608,1.6059432372321762,XGBoost,tuned
0,0.0070709665,1517,0.6214666120442441,381,0.9973821989528796,0.6214666120442441,1.6048846062254312,XGBoost,tuned
0,0.0070554353,1518,0.6218762802130274,381,0.9973821989528796,0.6218762802130274,1.603827369989446,XGBoost,tuned
0,0.007039959,1519,0.6222859483818107,381,0.9973821989528796,0.6222859483818107,1.6027715257695716,XGBoost,tuned
0,0.0070252675,1520,0.622695616550594,381,0.9973821989528796,0.622695616550594,1.6017170708184072,XGBoost,tuned
0,0.007023103,1521,0.6231052847193773,381,0.9973821989528796,0.6231052847193773,1.6006640023957786,XGBoost,tuned
0,0.0069800443,1522,0.6235149528881606,381,0.9973821989528796,0.6235149528881606,1.5996123177687116,XGBoost,tuned
0,0.00689404,1523,0.6239246210569439,381,0.9973821989528796,0.6239246210569439,1.598562014211411,XGBoost,tuned
0,0.006856848,1524,0.6243342892257272,381,0.9973821989528796,0.6243342892257272,1.5975130890052356,XGBoost,tuned
0,0.0068551432,1525,0.6247439573945105,381,0.9973821989528796,0.6247439573945105,1.5964655394386746,XGBoost,tuned
0,0.0068125045,1526,0.6251536255632937,381,0.9973821989528796,0.6251536255632937,1.5954193628073259,XGBoost,tuned
0,0.0067911316,1527,0.625563293732077,381,0.9973821989528796,0.625563293732077,1.5943745564138698,XGBoost,tuned
0,0.0067869835,1528,0.6259729619008603,381,0.9973821989528796,0.6259729619008603,1.5933311175680493,XGBoost,tuned
0,0.006783102,1529,0.6263826300696436,381,0.9973821989528796,0.6263826300696436,1.5922890435866444,XGBoost,tuned
0,0.006770594,1530,0.6267922982384269,381,0.9973821989528796,0.6267922982384269,1.5912483317934505,XGBoost,tuned
0,0.0067704436,1531,0.6272019664072102,381,0.9973821989528796,0.6272019664072102,1.5902089795192549,XGBoost,tuned
0,0.0067607313,1532,0.6276116345759934,381,0.9973821989528796,0.6276116345759934,1.589170984101814,XGBoost,tuned
0,0.0067566438,1533,0.6280213027447767,381,0.9973821989528796,0.6280213027447767,1.588134342885831,XGBoost,tuned
0,0.0067448937,1534,0.62843097091356,381,0.9973821989528796,0.62843097091356,1.587099053222933,XGBoost,tuned
0,0.0067142476,1535,0.6288406390823433,381,0.9973821989528796,0.6288406390823433,1.5860651124716476,XGBoost,tuned
0,0.006711485,1536,0.6292503072511266,381,0.9973821989528796,0.6292503072511266,1.585032517997382,XGBoost,tuned
0,0.006646604,1537,0.6296599754199099,381,0.9973821989528796,0.6296599754199099,1.5840012671724,XGBoost,tuned
0,0.006600193,1538,0.6300696435886931,381,0.9973821989528796,0.6300696435886931,1.5829713573757993,XGBoost,tuned
0,0.0065705585,1539,0.6304793117574764,381,0.9973821989528796,0.6304793117574764,1.581942785993489,XGBoost,tuned
0,0.0065552597,1540,0.6308889799262597,381,0.9973821989528796,0.6308889799262597,1.5809155504181684,XGBoost,tuned
0,0.0064763143,1541,0.631298648095043,381,0.9973821989528796,0.631298648095043,1.5798896480493052,XGBoost,tuned
0,0.006471668,1542,0.6317083162638263,381,0.9973821989528796,0.6317083162638263,1.5788650762931122,XGBoost,tuned
0,0.0064690653,1543,0.6321179844326096,381,0.9973821989528796,0.6321179844326096,1.577841832562527,XGBoost,tuned
0,0.006455356,1544,0.6325276526013929,381,0.9973821989528796,0.6325276526013929,1.5768199142771886,XGBoost,tuned
0,0.0064170174,1545,0.6329373207701762,381,0.9973821989528796,0.6329373207701762,1.575799318863417,XGBoost,tuned
1,0.0063389516,1546,0.6333469889389595,382,1.0,0.6333469889389595,1.5789133247089262,XGBoost,tuned
0,0.0063363905,1547,0.6337566571077428,382,1.0,0.6337566571077428,1.5778926955397543,XGBoost,tuned
0,0.006316519,1548,0.634166325276526,382,1.0,0.634166325276526,1.5768733850129197,XGBoost,tuned
0,0.006309974,1549,0.6345759934453093,382,1.0,0.6345759934453093,1.575855390574564,XGBoost,tuned
0,0.0063043647,1550,0.6349856616140925,382,1.0,0.6349856616140925,1.5748387096774195,XGBoost,tuned
0,0.0062660505,1551,0.6353953297828758,382,1.0,0.6353953297828758,1.5738233397807866,XGBoost,tuned
0,0.0062549585,1552,0.6358049979516591,382,1.0,0.6358049979516591,1.5728092783505156,XGBoost,tuned
0,0.0062544546,1553,0.6362146661204424,382,1.0,0.6362146661204424,1.5717965228589827,XGBoost,tuned
0,0.0062321215,1554,0.6366243342892257,382,1.0,0.6366243342892257,1.5707850707850708,XGBoost,tuned
0,0.006171726,1555,0.637034002458009,382,1.0,0.637034002458009,1.569774919614148,XGBoost,tuned
0,0.006145712,1556,0.6374436706267923,382,1.0,0.6374436706267923,1.5687660668380463,XGBoost,tuned
0,0.006134943,1557,0.6378533387955756,382,1.0,0.6378533387955756,1.5677585099550417,XGBoost,tuned
0,0.0061275708,1558,0.6382630069643589,382,1.0,0.6382630069643589,1.5667522464698331,XGBoost,tuned
0,0.0061206114,1559,0.6386726751331422,382,1.0,0.6386726751331422,1.5657472738935214,XGBoost,tuned
0,0.0060824063,1560,0.6390823433019255,382,1.0,0.6390823433019255,1.5647435897435897,XGBoost,tuned
0,0.0060669663,1561,0.6394920114707088,382,1.0,0.6394920114707088,1.563741191543882,XGBoost,tuned
0,0.0060664834,1562,0.639901679639492,382,1.0,0.639901679639492,1.562740076824584,XGBoost,tuned
0,0.006031144,1563,0.6403113478082753,382,1.0,0.6403113478082753,1.561740243122201,XGBoost,tuned
0,0.006014239,1564,0.6407210159770586,382,1.0,0.6407210159770586,1.5607416879795397,XGBoost,tuned
0,0.0060086087,1565,0.6411306841458418,382,1.0,0.6411306841458418,1.5597444089456869,XGBoost,tuned
0,0.0060040853,1566,0.6415403523146251,382,1.0,0.6415403523146251,1.5587484035759898,XGBoost,tuned
0,0.0059763626,1567,0.6419500204834084,382,1.0,0.6419500204834084,1.5577536694320357,XGBoost,tuned
0,0.0059381835,1568,0.6423596886521917,382,1.0,0.6423596886521917,1.5567602040816326,XGBoost,tuned
0,0.005874743,1569,0.642769356820975,382,1.0,0.642769356820975,1.555768005098789,XGBoost,tuned
0,0.005866901,1570,0.6431790249897583,382,1.0,0.6431790249897583,1.5547770700636943,XGBoost,tuned
0,0.005866826,1571,0.6435886931585416,382,1.0,0.6435886931585416,1.553787396562699,XGBoost,tuned
0,0.005855132,1572,0.6439983613273249,382,1.0,0.6439983613273249,1.552798982188295,XGBoost,tuned
0,0.0058548073,1573,0.6444080294961082,382,1.0,0.6444080294961082,1.551811824539097,XGBoost,tuned
0,0.0057849474,1574,0.6448176976648914,382,1.0,0.6448176976648914,1.5508259212198223,XGBoost,tuned
0,0.005783341,1575,0.6452273658336747,382,1.0,0.6452273658336747,1.54984126984127,XGBoost,tuned
0,0.0057799257,1576,0.645637034002458,382,1.0,0.645637034002458,1.5488578680203047,XGBoost,tuned
0,0.005722517,1577,0.6460467021712413,382,1.0,0.6460467021712413,1.547875713379835,XGBoost,tuned
0,0.005712344,1578,0.6464563703400246,382,1.0,0.6464563703400246,1.546894803548796,XGBoost,tuned
0,0.005707433,1579,0.6468660385088079,382,1.0,0.6468660385088079,1.545915136162128,XGBoost,tuned
0,0.005694289,1580,0.6472757066775912,382,1.0,0.6472757066775912,1.5449367088607595,XGBoost,tuned
0,0.0056838747,1581,0.6476853748463745,382,1.0,0.6476853748463745,1.5439595192915876,XGBoost,tuned
0,0.0056418227,1582,0.6480950430151577,382,1.0,0.6480950430151577,1.5429835651074588,XGBoost,tuned
0,0.0056361333,1583,0.648504711183941,382,1.0,0.648504711183941,1.5420088439671509,XGBoost,tuned
0,0.0056229206,1584,0.6489143793527243,382,1.0,0.6489143793527243,1.5410353535353534,XGBoost,tuned
0,0.0056188214,1585,0.6493240475215076,382,1.0,0.6493240475215076,1.5400630914826496,XGBoost,tuned
0,0.0056133918,1586,0.6497337156902908,382,1.0,0.6497337156902908,1.5390920554854983,XGBoost,tuned
0,0.005610534,1587,0.6501433838590741,382,1.0,0.6501433838590741,1.5381222432262132,XGBoost,tuned
0,0.0056038764,1588,0.6505530520278574,382,1.0,0.6505530520278574,1.5371536523929472,XGBoost,tuned
0,0.005573986,1589,0.6509627201966407,382,1.0,0.6509627201966407,1.5361862806796729,XGBoost,tuned
0,0.005569452,1590,0.651372388365424,382,1.0,0.651372388365424,1.5352201257861635,XGBoost,tuned
0,0.0055656424,1591,0.6517820565342073,382,1.0,0.6517820565342073,1.5342551854179762,XGBoost,tuned
0,0.005457667,1592,0.6521917247029906,382,1.0,0.6521917247029906,1.5332914572864322,XGBoost,tuned
0,0.005457139,1593,0.6526013928717739,382,1.0,0.6526013928717739,1.5323289391086001,XGBoost,tuned
0,0.005442666,1594,0.6530110610405572,382,1.0,0.6530110610405572,1.5313676286072773,XGBoost,tuned
0,0.005433023,1595,0.6534207292093405,382,1.0,0.6534207292093405,1.5304075235109718,XGBoost,tuned
0,0.005428354,1596,0.6538303973781238,382,1.0,0.6538303973781238,1.5294486215538845,XGBoost,tuned
0,0.005427322,1597,0.6542400655469071,382,1.0,0.6542400655469071,1.528490920475892,XGBoost,tuned
0,0.0054246145,1598,0.6546497337156902,382,1.0,0.6546497337156902,1.5275344180225283,XGBoost,tuned
0,0.005396837,1599,0.6550594018844735,382,1.0,0.6550594018844735,1.5265791119449656,XGBoost,tuned
0,0.005390209,1600,0.6554690700532568,382,1.0,0.6554690700532568,1.525625,XGBoost,tuned
0,0.0053567626,1601,0.6558787382220401,382,1.0,0.6558787382220401,1.5246720799500313,XGBoost,tuned
0,0.0053514326,1602,0.6562884063908234,382,1.0,0.6562884063908234,1.5237203495630463,XGBoost,tuned
0,0.0053462493,1603,0.6566980745596067,382,1.0,0.6566980745596067,1.5227698066126014,XGBoost,tuned
0,0.005344508,1604,0.65710774272839,382,1.0,0.65710774272839,1.5218204488778055,XGBoost,tuned
0,0.0053380835,1605,0.6575174108971733,382,1.0,0.6575174108971733,1.520872274143302,XGBoost,tuned
0,0.005293886,1606,0.6579270790659566,382,1.0,0.6579270790659566,1.5199252801992527,XGBoost,tuned
0,0.0052906987,1607,0.6583367472347399,382,1.0,0.6583367472347399,1.518979464841319,XGBoost,tuned
0,0.0052850377,1608,0.6587464154035232,382,1.0,0.6587464154035232,1.5180348258706466,XGBoost,tuned
0,0.005262262,1609,0.6591560835723065,382,1.0,0.6591560835723065,1.517091361093847,XGBoost,tuned
0,0.005256213,1610,0.6595657517410897,382,1.0,0.6595657517410897,1.5161490683229815,XGBoost,tuned
0,0.0052516446,1611,0.659975419909873,382,1.0,0.659975419909873,1.5152079453755432,XGBoost,tuned
0,0.0052510295,1612,0.6603850880786563,382,1.0,0.6603850880786563,1.5142679900744418,XGBoost,tuned
0,0.0052186823,1613,0.6607947562474396,382,1.0,0.6607947562474396,1.5133292002479852,XGBoost,tuned
0,0.005183026,1614,0.6612044244162228,382,1.0,0.6612044244162228,1.5123915737298637,XGBoost,tuned
0,0.0051717553,1615,0.6616140925850061,382,1.0,0.6616140925850061,1.5114551083591332,XGBoost,tuned
0,0.005151902,1616,0.6620237607537894,382,1.0,0.6620237607537894,1.510519801980198,XGBoost,tuned
0,0.0051419353,1617,0.6624334289225727,382,1.0,0.6624334289225727,1.5095856524427953,XGBoost,tuned
0,0.0050992207,1618,0.662843097091356,382,1.0,0.662843097091356,1.5086526576019776,XGBoost,tuned
0,0.005086382,1619,0.6632527652601393,382,1.0,0.6632527652601393,1.5077208153180974,XGBoost,tuned
0,0.005069906,1620,0.6636624334289226,382,1.0,0.6636624334289226,1.50679012345679,XGBoost,tuned
0,0.0050263247,1621,0.6640721015977059,382,1.0,0.6640721015977059,1.5058605798889573,XGBoost,tuned
0,0.0050240047,1622,0.6644817697664891,382,1.0,0.6644817697664891,1.5049321824907522,XGBoost,tuned
0,0.0049525024,1623,0.6648914379352724,382,1.0,0.6648914379352724,1.5040049291435613,XGBoost,tuned
0,0.0049519106,1624,0.6653011061040557,382,1.0,0.6653011061040557,1.5030788177339902,XGBoost,tuned
0,0.0049365843,1625,0.665710774272839,382,1.0,0.665710774272839,1.5021538461538462,XGBoost,tuned
0,0.004934673,1626,0.6661204424416223,382,1.0,0.6661204424416223,1.501230012300123,XGBoost,tuned
0,0.004922987,1627,0.6665301106104056,382,1.0,0.6665301106104056,1.5003073140749847,XGBoost,tuned
0,0.0049158237,1628,0.6669397787791889,382,1.0,0.6669397787791889,1.4993857493857494,XGBoost,tuned
0,0.0048938044,1629,0.6673494469479722,382,1.0,0.6673494469479722,1.4984653161448742,XGBoost,tuned
0,0.004888051,1630,0.6677591151167555,382,1.0,0.6677591151167555,1.4975460122699387,XGBoost,tuned
0,0.0048875827,1631,0.6681687832855387,382,1.0,0.6681687832855387,1.4966278356836296,XGBoost,tuned
0,0.004886333,1632,0.668578451454322,382,1.0,0.668578451454322,1.4957107843137254,XGBoost,tuned
0,0.0048815105,1633,0.6689881196231053,382,1.0,0.6689881196231053,1.4947948560930802,XGBoost,tuned
0,0.004880862,1634,0.6693977877918885,382,1.0,0.6693977877918885,1.4938800489596085,XGBoost,tuned
0,0.004870583,1635,0.6698074559606718,382,1.0,0.6698074559606718,1.492966360856269,XGBoost,tuned
0,0.0048667104,1636,0.6702171241294551,382,1.0,0.6702171241294551,1.4920537897310515,XGBoost,tuned
0,0.004837828,1637,0.6706267922982384,382,1.0,0.6706267922982384,1.4911423335369578,XGBoost,tuned
0,0.0048300885,1638,0.6710364604670217,382,1.0,0.6710364604670217,1.4902319902319903,XGBoost,tuned
0,0.0048280996,1639,0.671446128635805,382,1.0,0.671446128635805,1.4893227577791337,XGBoost,tuned
0,0.0048156357,1640,0.6718557968045883,382,1.0,0.6718557968045883,1.4884146341463413,XGBoost,tuned
0,0.004814162,1641,0.6722654649733716,382,1.0,0.6722654649733716,1.4875076173065205,XGBoost,tuned
0,0.004808632,1642,0.6726751331421549,382,1.0,0.6726751331421549,1.4866017052375151,XGBoost,tuned
0,0.0048020445,1643,0.6730848013109382,382,1.0,0.6730848013109382,1.4856968959220938,XGBoost,tuned
0,0.0048002442,1644,0.6734944694797215,382,1.0,0.6734944694797215,1.4847931873479319,XGBoost,tuned
0,0.0047975862,1645,0.6739041376485048,382,1.0,0.6739041376485048,1.4838905775075986,XGBoost,tuned
0,0.004797523,1646,0.674313805817288,382,1.0,0.674313805817288,1.482989064398542,XGBoost,tuned
0,0.0047929464,1647,0.6747234739860712,382,1.0,0.6747234739860712,1.4820886460230724,XGBoost,tuned
0,0.004753668,1648,0.6751331421548545,382,1.0,0.6751331421548545,1.4811893203883495,XGBoost,tuned
0,0.0047523323,1649,0.6755428103236378,382,1.0,0.6755428103236378,1.4802910855063676,XGBoost,tuned
0,0.004750955,1650,0.6759524784924211,382,1.0,0.6759524784924211,1.4793939393939395,XGBoost,tuned
0,0.004742316,1651,0.6763621466612044,382,1.0,0.6763621466612044,1.4784978800726831,XGBoost,tuned
0,0.0047215973,1652,0.6767718148299877,382,1.0,0.6767718148299877,1.4776029055690072,XGBoost,tuned
0,0.004700509,1653,0.677181482998771,382,1.0,0.677181482998771,1.4767090139140955,XGBoost,tuned
0,0.004694075,1654,0.6775911511675543,382,1.0,0.6775911511675543,1.4758162031438935,XGBoost,tuned
0,0.0046936274,1655,0.6780008193363376,382,1.0,0.6780008193363376,1.4749244712990937,XGBoost,tuned
0,0.004685824,1656,0.6784104875051209,382,1.0,0.6784104875051209,1.4740338164251208,XGBoost,tuned
0,0.0046857325,1657,0.6788201556739042,382,1.0,0.6788201556739042,1.4731442365721181,XGBoost,tuned
0,0.0046813805,1658,0.6792298238426874,382,1.0,0.6792298238426874,1.4722557297949337,XGBoost,tuned
0,0.0046804296,1659,0.6796394920114707,382,1.0,0.6796394920114707,1.4713682941531043,XGBoost,tuned
0,0.0046598203,1660,0.680049160180254,382,1.0,0.680049160180254,1.4704819277108434,XGBoost,tuned
0,0.0046545,1661,0.6804588283490373,382,1.0,0.6804588283490373,1.4695966285370259,XGBoost,tuned
0,0.004646111,1662,0.6808684965178206,382,1.0,0.6808684965178206,1.4687123947051746,XGBoost,tuned
0,0.004637092,1663,0.6812781646866038,382,1.0,0.6812781646866038,1.4678292242934456,XGBoost,tuned
0,0.0046219807,1664,0.6816878328553871,382,1.0,0.6816878328553871,1.4669471153846154,XGBoost,tuned
0,0.004608717,1665,0.6820975010241704,382,1.0,0.6820975010241704,1.466066066066066,XGBoost,tuned
0,0.0046070786,1666,0.6825071691929537,382,1.0,0.6825071691929537,1.4651860744297718,XGBoost,tuned
0,0.004598344,1667,0.682916837361737,382,1.0,0.682916837361737,1.4643071385722854,XGBoost,tuned
0,0.0045924815,1668,0.6833265055305203,382,1.0,0.6833265055305203,1.4634292565947242,XGBoost,tuned
0,0.004579304,1669,0.6837361736993036,382,1.0,0.6837361736993036,1.462552426602756,XGBoost,tuned
0,0.0045634964,1670,0.6841458418680868,382,1.0,0.6841458418680868,1.461676646706587,XGBoost,tuned
0,0.0045451927,1671,0.6845555100368701,382,1.0,0.6845555100368701,1.4608019150209457,XGBoost,tuned
0,0.004531705,1672,0.6849651782056534,382,1.0,0.6849651782056534,1.4599282296650717,XGBoost,tuned
0,0.0045316205,1673,0.6853748463744367,382,1.0,0.6853748463744367,1.4590555887627017,XGBoost,tuned
0,0.0045140805,1674,0.68578451454322,382,1.0,0.68578451454322,1.458183990442055,XGBoost,tuned
0,0.004500695,1675,0.6861941827120033,382,1.0,0.6861941827120033,1.4573134328358208,XGBoost,tuned
0,0.0044958396,1676,0.6866038508807866,382,1.0,0.6866038508807866,1.4564439140811456,XGBoost,tuned
0,0.0044954703,1677,0.6870135190495699,382,1.0,0.6870135190495699,1.4555754323196184,XGBoost,tuned
0,0.004494314,1678,0.6874231872183532,382,1.0,0.6874231872183532,1.4547079856972587,XGBoost,tuned
0,0.0044936314,1679,0.6878328553871365,382,1.0,0.6878328553871365,1.4538415723645026,XGBoost,tuned
0,0.004483853,1680,0.6882425235559197,382,1.0,0.6882425235559197,1.4529761904761904,XGBoost,tuned
0,0.0044720317,1681,0.688652191724703,382,1.0,0.688652191724703,1.4521118381915525,XGBoost,tuned
0,0.0044712573,1682,0.6890618598934862,382,1.0,0.6890618598934862,1.4512485136741975,XGBoost,tuned
0,0.0044570314,1683,0.6894715280622695,382,1.0,0.6894715280622695,1.4503862150920974,XGBoost,tuned
0,0.004441568,1684,0.6898811962310528,382,1.0,0.6898811962310528,1.4495249406175772,XGBoost,tuned
0,0.004438457,1685,0.6902908643998361,382,1.0,0.6902908643998361,1.4486646884272998,XGBoost,tuned
0,0.0044375407,1686,0.6907005325686194,382,1.0,0.6907005325686194,1.4478054567022538,XGBoost,tuned
0,0.004426211,1687,0.6911102007374027,382,1.0,0.6911102007374027,1.4469472436277415,XGBoost,tuned
0,0.004424146,1688,0.691519868906186,382,1.0,0.691519868906186,1.4460900473933649,XGBoost,tuned
0,0.0044100923,1689,0.6919295370749693,382,1.0,0.6919295370749693,1.4452338661930135,XGBoost,tuned
0,0.0044096424,1690,0.6923392052437526,382,1.0,0.6923392052437526,1.444378698224852,XGBoost,tuned
0,0.004397279,1691,0.6927488734125359,382,1.0,0.6927488734125359,1.443524541691307,XGBoost,tuned
0,0.004384361,1692,0.6931585415813192,382,1.0,0.6931585415813192,1.4426713947990544,XGBoost,tuned
0,0.0043794354,1693,0.6935682097501025,382,1.0,0.6935682097501025,1.4418192557590075,XGBoost,tuned
0,0.004378263,1694,0.6939778779188857,382,1.0,0.6939778779188857,1.4409681227863047,XGBoost,tuned
0,0.004378215,1695,0.694387546087669,382,1.0,0.694387546087669,1.440117994100295,XGBoost,tuned
0,0.004374868,1696,0.6947972142564522,382,1.0,0.6947972142564522,1.4392688679245285,XGBoost,tuned
0,0.0043646093,1697,0.6952068824252355,382,1.0,0.6952068824252355,1.4384207424867415,XGBoost,tuned
0,0.0043639666,1698,0.6956165505940188,382,1.0,0.6956165505940188,1.4375736160188457,XGBoost,tuned
0,0.0043511796,1699,0.6960262187628021,382,1.0,0.6960262187628021,1.4367274867569158,XGBoost,tuned
0,0.0043487116,1700,0.6964358869315854,382,1.0,0.6964358869315854,1.4358823529411764,XGBoost,tuned
0,0.0043396656,1701,0.6968455551003687,382,1.0,0.6968455551003687,1.4350382128159906,XGBoost,tuned
0,0.00432937,1702,0.697255223269152,382,1.0,0.697255223269152,1.4341950646298471,XGBoost,tuned
0,0.0043274076,1703,0.6976648914379353,382,1.0,0.6976648914379353,1.4333529066353492,XGBoost,tuned
0,0.00431729,1704,0.6980745596067186,382,1.0,0.6980745596067186,1.4325117370892018,XGBoost,tuned
0,0.0043038097,1705,0.6984842277755019,382,1.0,0.6984842277755019,1.4316715542521994,XGBoost,tuned
0,0.004298682,1706,0.6988938959442851,382,1.0,0.6988938959442851,1.4308323563892147,XGBoost,tuned
0,0.004286392,1707,0.6993035641130684,382,1.0,0.6993035641130684,1.4299941417691857,XGBoost,tuned
0,0.0042745396,1708,0.6997132322818517,382,1.0,0.6997132322818517,1.4291569086651055,XGBoost,tuned
0,0.0042211283,1709,0.700122900450635,382,1.0,0.700122900450635,1.4283206553540082,XGBoost,tuned
0,0.004216435,1710,0.7005325686194183,382,1.0,0.7005325686194183,1.4274853801169591,XGBoost,tuned
0,0.0042114644,1711,0.7009422367882016,382,1.0,0.7009422367882016,1.4266510812390416,XGBoost,tuned
0,0.0041938596,1712,0.7013519049569849,382,1.0,0.7013519049569849,1.4258177570093458,XGBoost,tuned
0,0.004191674,1713,0.7017615731257681,382,1.0,0.7017615731257681,1.4249854057209574,XGBoost,tuned
0,0.004191441,1714,0.7021712412945514,382,1.0,0.7021712412945514,1.424154025670945,XGBoost,tuned
0,0.004190223,1715,0.7025809094633347,382,1.0,0.7025809094633347,1.4233236151603499,XGBoost,tuned
0,0.004185655,1716,0.702990577632118,382,1.0,0.702990577632118,1.4224941724941724,XGBoost,tuned
0,0.00417934,1717,0.7034002458009013,382,1.0,0.7034002458009013,1.4216656959813627,XGBoost,tuned
0,0.0041364403,1718,0.7038099139696845,382,1.0,0.7038099139696845,1.420838183934808,XGBoost,tuned
0,0.004125128,1719,0.7042195821384678,382,1.0,0.7042195821384678,1.4200116346713205,XGBoost,tuned
0,0.0041243564,1720,0.7046292503072511,382,1.0,0.7046292503072511,1.419186046511628,XGBoost,tuned
0,0.004117515,1721,0.7050389184760344,382,1.0,0.7050389184760344,1.4183614177803603,XGBoost,tuned
0,0.0041076797,1722,0.7054485866448177,382,1.0,0.7054485866448177,1.4175377468060395,XGBoost,tuned
0,0.004098683,1723,0.705858254813601,382,1.0,0.705858254813601,1.416715031921068,XGBoost,tuned
0,0.0040915404,1724,0.7062679229823843,382,1.0,0.7062679229823843,1.415893271461717,XGBoost,tuned
0,0.0040798504,1725,0.7066775911511676,382,1.0,0.7066775911511676,1.4150724637681158,XGBoost,tuned
0,0.0040787715,1726,0.7070872593199509,382,1.0,0.7070872593199509,1.414252607184241,XGBoost,tuned
0,0.004074425,1727,0.7074969274887342,382,1.0,0.7074969274887342,1.4134337000579038,XGBoost,tuned
0,0.0040705805,1728,0.7079065956575175,382,1.0,0.7079065956575175,1.4126157407407407,XGBoost,tuned
0,0.0040677707,1729,0.7083162638263008,382,1.0,0.7083162638263008,1.4117987275882011,XGBoost,tuned
0,0.004055424,1730,0.7087259319950839,382,1.0,0.7087259319950839,1.4109826589595376,XGBoost,tuned
0,0.0040526614,1731,0.7091356001638672,382,1.0,0.7091356001638672,1.4101675332177932,XGBoost,tuned
0,0.0040490795,1732,0.7095452683326505,382,1.0,0.7095452683326505,1.4093533487297922,XGBoost,tuned
0,0.0040469687,1733,0.7099549365014338,382,1.0,0.7099549365014338,1.408540103866128,XGBoost,tuned
0,0.004006954,1734,0.7103646046702171,382,1.0,0.7103646046702171,1.4077277970011535,XGBoost,tuned
0,0.004005234,1735,0.7107742728390004,382,1.0,0.7107742728390004,1.4069164265129683,XGBoost,tuned
0,0.0039695236,1736,0.7111839410077837,382,1.0,0.7111839410077837,1.4061059907834101,XGBoost,tuned
0,0.003968894,1737,0.711593609176567,382,1.0,0.711593609176567,1.4052964881980425,XGBoost,tuned
0,0.003960458,1738,0.7120032773453503,382,1.0,0.7120032773453503,1.4044879171461448,XGBoost,tuned
0,0.0039528925,1739,0.7124129455141336,382,1.0,0.7124129455141336,1.4036802760207014,XGBoost,tuned
0,0.0039383317,1740,0.7128226136829169,382,1.0,0.7128226136829169,1.4028735632183906,XGBoost,tuned
0,0.003926479,1741,0.7132322818517002,382,1.0,0.7132322818517002,1.4020677771395749,XGBoost,tuned
0,0.0039177085,1742,0.7136419500204834,382,1.0,0.7136419500204834,1.4012629161882895,XGBoost,tuned
0,0.003895955,1743,0.7140516181892667,382,1.0,0.7140516181892667,1.400458978772232,XGBoost,tuned
0,0.0038942955,1744,0.71446128635805,382,1.0,0.71446128635805,1.3996559633027523,XGBoost,tuned
0,0.0038863092,1745,0.7148709545268332,382,1.0,0.7148709545268332,1.3988538681948424,XGBoost,tuned
0,0.0038856245,1746,0.7152806226956165,382,1.0,0.7152806226956165,1.3980526918671248,XGBoost,tuned
0,0.0038818389,1747,0.7156902908643998,382,1.0,0.7156902908643998,1.3972524327418432,XGBoost,tuned
0,0.0038758474,1748,0.7160999590331831,382,1.0,0.7160999590331831,1.3964530892448512,XGBoost,tuned
0,0.0038590464,1749,0.7165096272019664,382,1.0,0.7165096272019664,1.3956546598056032,XGBoost,tuned
0,0.003855717,1750,0.7169192953707497,382,1.0,0.7169192953707497,1.3948571428571428,XGBoost,tuned
0,0.0038468721,1751,0.717328963539533,382,1.0,0.717328963539533,1.3940605368360937,XGBoost,tuned
0,0.0038387473,1752,0.7177386317083163,382,1.0,0.7177386317083163,1.3932648401826484,XGBoost,tuned
0,0.003828684,1753,0.7181482998770995,382,1.0,0.7181482998770995,1.3924700513405592,XGBoost,tuned
0,0.003810544,1754,0.7185579680458828,382,1.0,0.7185579680458828,1.3916761687571266,XGBoost,tuned
0,0.0038050709,1755,0.7189676362146661,382,1.0,0.7189676362146661,1.390883190883191,XGBoost,tuned
0,0.0037946827,1756,0.7193773043834494,382,1.0,0.7193773043834494,1.3900911161731209,XGBoost,tuned
0,0.0037664087,1757,0.7197869725522327,382,1.0,0.7197869725522327,1.3892999430848036,XGBoost,tuned
0,0.0037478642,1758,0.720196640721016,382,1.0,0.720196640721016,1.388509670079636,XGBoost,tuned
0,0.0037469724,1759,0.7206063088897993,382,1.0,0.7206063088897993,1.3877202956225128,XGBoost,tuned
0,0.0037381097,1760,0.7210159770585826,382,1.0,0.7210159770585826,1.3869318181818182,XGBoost,tuned
0,0.0037264498,1761,0.7214256452273659,382,1.0,0.7214256452273659,1.386144236229415,XGBoost,tuned
0,0.003724889,1762,0.7218353133961491,382,1.0,0.7218353133961491,1.3853575482406355,XGBoost,tuned
0,0.0036949976,1763,0.7222449815649324,382,1.0,0.7222449815649324,1.3845717526942711,XGBoost,tuned
0,0.003676851,1764,0.7226546497337157,382,1.0,0.7226546497337157,1.3837868480725624,XGBoost,tuned
0,0.0036695772,1765,0.7230643179024989,382,1.0,0.7230643179024989,1.3830028328611899,XGBoost,tuned
0,0.0036623736,1766,0.7234739860712822,382,1.0,0.7234739860712822,1.382219705549264,XGBoost,tuned
0,0.003657519,1767,0.7238836542400655,382,1.0,0.7238836542400655,1.3814374646293153,XGBoost,tuned
0,0.0036504657,1768,0.7242933224088488,382,1.0,0.7242933224088488,1.380656108597285,XGBoost,tuned
0,0.003649916,1769,0.7247029905776321,382,1.0,0.7247029905776321,1.3798756359525155,XGBoost,tuned
0,0.0036430676,1770,0.7251126587464154,382,1.0,0.7251126587464154,1.37909604519774,XGBoost,tuned
0,0.0036202474,1771,0.7255223269151987,382,1.0,0.7255223269151987,1.378317334839074,XGBoost,tuned
0,0.0036113914,1772,0.725931995083982,382,1.0,0.725931995083982,1.3775395033860045,XGBoost,tuned
0,0.0036053704,1773,0.7263416632527653,382,1.0,0.7263416632527653,1.3767625493513818,XGBoost,tuned
0,0.0036041767,1774,0.7267513314215486,382,1.0,0.7267513314215486,1.3759864712514092,XGBoost,tuned
0,0.0035959135,1775,0.7271609995903319,382,1.0,0.7271609995903319,1.3752112676056338,XGBoost,tuned
0,0.003559563,1776,0.7275706677591152,382,1.0,0.7275706677591152,1.374436936936937,XGBoost,tuned
0,0.0035588038,1777,0.7279803359278983,382,1.0,0.7279803359278983,1.373663477771525,XGBoost,tuned
0,0.0035537467,1778,0.7283900040966816,382,1.0,0.7283900040966816,1.3728908886389202,XGBoost,tuned
0,0.0035534475,1779,0.7287996722654649,382,1.0,0.7287996722654649,1.3721191680719507,XGBoost,tuned
0,0.0035438484,1780,0.7292093404342482,382,1.0,0.7292093404342482,1.3713483146067416,XGBoost,tuned
0,0.0035369867,1781,0.7296190086030315,382,1.0,0.7296190086030315,1.3705783267827063,XGBoost,tuned
0,0.0035353452,1782,0.7300286767718148,382,1.0,0.7300286767718148,1.3698092031425364,XGBoost,tuned
0,0.003535278,1783,0.7304383449405981,382,1.0,0.7304383449405981,1.369040942232193,XGBoost,tuned
0,0.0035350376,1784,0.7308480131093814,382,1.0,0.7308480131093814,1.368273542600897,XGBoost,tuned
0,0.003524706,1785,0.7312576812781647,382,1.0,0.7312576812781647,1.3675070028011205,XGBoost,tuned
0,0.0035189544,1786,0.731667349446948,382,1.0,0.731667349446948,1.3667413213885777,XGBoost,tuned
0,0.003510439,1787,0.7320770176157313,382,1.0,0.7320770176157313,1.365976496922216,XGBoost,tuned
0,0.003483085,1788,0.7324866857845146,382,1.0,0.7324866857845146,1.3652125279642058,XGBoost,tuned
0,0.0034770572,1789,0.7328963539532978,382,1.0,0.7328963539532978,1.364449413079933,XGBoost,tuned
0,0.0034721026,1790,0.7333060221220811,382,1.0,0.7333060221220811,1.3636871508379889,XGBoost,tuned
0,0.003470242,1791,0.7337156902908644,382,1.0,0.7337156902908644,1.362925739810162,XGBoost,tuned
0,0.0034600827,1792,0.7341253584596477,382,1.0,0.7341253584596477,1.3621651785714286,XGBoost,tuned
0,0.0034591046,1793,0.734535026628431,382,1.0,0.734535026628431,1.3614054656999444,XGBoost,tuned
0,0.0034504395,1794,0.7349446947972142,382,1.0,0.7349446947972142,1.3606465997770345,XGBoost,tuned
0,0.003448702,1795,0.7353543629659975,382,1.0,0.7353543629659975,1.3598885793871867,XGBoost,tuned
0,0.0034455177,1796,0.7357640311347808,382,1.0,0.7357640311347808,1.3591314031180401,XGBoost,tuned
0,0.0034414139,1797,0.7361736993035641,382,1.0,0.7361736993035641,1.3583750695603785,XGBoost,tuned
0,0.0034019528,1798,0.7365833674723474,382,1.0,0.7365833674723474,1.35761957730812,XGBoost,tuned
0,0.003395318,1799,0.7369930356411307,382,1.0,0.7369930356411307,1.35686492495831,XGBoost,tuned
0,0.0033867175,1800,0.737402703809914,382,1.0,0.737402703809914,1.356111111111111,XGBoost,tuned
0,0.0033860866,1801,0.7378123719786972,382,1.0,0.7378123719786972,1.3553581343697947,XGBoost,tuned
0,0.0033832893,1802,0.7382220401474805,382,1.0,0.7382220401474805,1.3546059933407326,XGBoost,tuned
0,0.003370762,1803,0.7386317083162638,382,1.0,0.7386317083162638,1.353854686633389,XGBoost,tuned
0,0.0033681777,1804,0.7390413764850471,382,1.0,0.7390413764850471,1.3531042128603106,XGBoost,tuned
0,0.0033662524,1805,0.7394510446538304,382,1.0,0.7394510446538304,1.3523545706371192,XGBoost,tuned
0,0.003362954,1806,0.7398607128226137,382,1.0,0.7398607128226137,1.3516057585825028,XGBoost,tuned
0,0.0033574111,1807,0.740270380991397,382,1.0,0.740270380991397,1.350857775318207,XGBoost,tuned
0,0.0033408757,1808,0.7406800491601803,382,1.0,0.7406800491601803,1.3501106194690264,XGBoost,tuned
0,0.0033384345,1809,0.7410897173289636,382,1.0,0.7410897173289636,1.349364289662797,XGBoost,tuned
0,0.0033367958,1810,0.7414993854977469,382,1.0,0.7414993854977469,1.3486187845303867,XGBoost,tuned
0,0.0033338366,1811,0.7419090536665301,382,1.0,0.7419090536665301,1.3478741027056873,XGBoost,tuned
0,0.0033305206,1812,0.7423187218353134,382,1.0,0.7423187218353134,1.347130242825607,XGBoost,tuned
0,0.0033223457,1813,0.7427283900040966,382,1.0,0.7427283900040966,1.3463872035300608,XGBoost,tuned
0,0.0033025574,1814,0.7431380581728799,382,1.0,0.7431380581728799,1.3456449834619626,XGBoost,tuned
0,0.003302507,1815,0.7435477263416632,382,1.0,0.7435477263416632,1.3449035812672177,XGBoost,tuned
0,0.0032856974,1816,0.7439573945104465,382,1.0,0.7439573945104465,1.3441629955947136,XGBoost,tuned
0,0.0032825181,1817,0.7443670626792298,382,1.0,0.7443670626792298,1.3434232250963127,XGBoost,tuned
0,0.0032651874,1818,0.7447767308480131,382,1.0,0.7447767308480131,1.3426842684268427,XGBoost,tuned
0,0.0032640286,1819,0.7451863990167964,382,1.0,0.7451863990167964,1.3419461242440902,XGBoost,tuned
0,0.0032537717,1820,0.7455960671855797,382,1.0,0.7455960671855797,1.341208791208791,XGBoost,tuned
0,0.0032527728,1821,0.746005735354363,382,1.0,0.746005735354363,1.3404722679846237,XGBoost,tuned
0,0.0032469975,1822,0.7464154035231463,382,1.0,0.7464154035231463,1.3397365532381997,XGBoost,tuned
0,0.003240584,1823,0.7468250716919296,382,1.0,0.7468250716919296,1.3390016456390563,XGBoost,tuned
0,0.003239595,1824,0.7472347398607129,382,1.0,0.7472347398607129,1.338267543859649,XGBoost,tuned
0,0.003234793,1825,0.747644408029496,382,1.0,0.747644408029496,1.3375342465753426,XGBoost,tuned
0,0.0032327594,1826,0.7480540761982793,382,1.0,0.7480540761982793,1.3368017524644031,XGBoost,tuned
0,0.0032303466,1827,0.7484637443670626,382,1.0,0.7484637443670626,1.3360700602079914,XGBoost,tuned
0,0.0032292397,1828,0.7488734125358459,382,1.0,0.7488734125358459,1.3353391684901532,XGBoost,tuned
0,0.0032256471,1829,0.7492830807046292,382,1.0,0.7492830807046292,1.334609075997813,XGBoost,tuned
0,0.003219574,1830,0.7496927488734125,382,1.0,0.7496927488734125,1.333879781420765,XGBoost,tuned
0,0.0032190322,1831,0.7501024170421958,382,1.0,0.7501024170421958,1.3331512834516657,XGBoost,tuned
0,0.00321572,1832,0.7505120852109791,382,1.0,0.7505120852109791,1.332423580786026,XGBoost,tuned
0,0.003214661,1833,0.7509217533797624,382,1.0,0.7509217533797624,1.331696672122204,XGBoost,tuned
0,0.00320698,1834,0.7513314215485457,382,1.0,0.7513314215485457,1.3309705561613958,XGBoost,tuned
0,0.0032034728,1835,0.751741089717329,382,1.0,0.751741089717329,1.3302452316076294,XGBoost,tuned
0,0.0031960967,1836,0.7521507578861123,382,1.0,0.7521507578861123,1.329520697167756,XGBoost,tuned
0,0.0031900469,1837,0.7525604260548955,382,1.0,0.7525604260548955,1.3287969515514426,XGBoost,tuned
0,0.0031837681,1838,0.7529700942236788,382,1.0,0.7529700942236788,1.3280739934711643,XGBoost,tuned
0,0.0031821236,1839,0.7533797623924621,382,1.0,0.7533797623924621,1.327351821642197,XGBoost,tuned
0,0.0031756822,1840,0.7537894305612454,382,1.0,0.7537894305612454,1.3266304347826088,XGBoost,tuned
0,0.0031700947,1841,0.7541990987300287,382,1.0,0.7541990987300287,1.3259098316132536,XGBoost,tuned
0,0.0031544697,1842,0.754608766898812,382,1.0,0.754608766898812,1.3251900108577632,XGBoost,tuned
0,0.0031366767,1843,0.7550184350675953,382,1.0,0.7550184350675953,1.3244709712425393,XGBoost,tuned
0,0.0031292054,1844,0.7554281032363785,382,1.0,0.7554281032363785,1.3237527114967462,XGBoost,tuned
0,0.0031279544,1845,0.7558377714051618,382,1.0,0.7558377714051618,1.3230352303523034,XGBoost,tuned
0,0.0031066905,1846,0.7562474395739451,382,1.0,0.7562474395739451,1.3223185265438786,XGBoost,tuned
0,0.003101569,1847,0.7566571077427284,382,1.0,0.7566571077427284,1.321602598808879,XGBoost,tuned
0,0.0030999668,1848,0.7570667759115117,382,1.0,0.7570667759115117,1.3208874458874458,XGBoost,tuned
0,0.003094997,1849,0.7574764440802949,382,1.0,0.7574764440802949,1.3201730665224447,XGBoost,tuned
0,0.0030934482,1850,0.7578861122490782,382,1.0,0.7578861122490782,1.3194594594594595,XGBoost,tuned
0,0.0030933851,1851,0.7582957804178615,382,1.0,0.7582957804178615,1.3187466234467855,XGBoost,tuned
0,0.003089103,1852,0.7587054485866448,382,1.0,0.7587054485866448,1.3180345572354213,XGBoost,tuned
0,0.0030710807,1853,0.7591151167554281,382,1.0,0.7591151167554281,1.317323259579061,XGBoost,tuned
0,0.0030641307,1854,0.7595247849242114,382,1.0,0.7595247849242114,1.3166127292340886,XGBoost,tuned
0,0.0030618038,1855,0.7599344530929947,382,1.0,0.7599344530929947,1.3159029649595688,XGBoost,tuned
0,0.0030359772,1856,0.760344121261778,382,1.0,0.760344121261778,1.3151939655172413,XGBoost,tuned
0,0.0030233618,1857,0.7607537894305613,382,1.0,0.7607537894305613,1.3144857296715131,XGBoost,tuned
0,0.0030170728,1858,0.7611634575993446,382,1.0,0.7611634575993446,1.3137782561894509,XGBoost,tuned
0,0.0030151773,1859,0.7615731257681279,382,1.0,0.7615731257681279,1.3130715438407745,XGBoost,tuned
0,0.0030068664,1860,0.7619827939369112,382,1.0,0.7619827939369112,1.3123655913978494,XGBoost,tuned
0,0.0030039647,1861,0.7623924621056943,382,1.0,0.7623924621056943,1.3116603976356798,XGBoost,tuned
0,0.0030027595,1862,0.7628021302744776,382,1.0,0.7628021302744776,1.3109559613319013,XGBoost,tuned
0,0.002964269,1863,0.7632117984432609,382,1.0,0.7632117984432609,1.310252281266774,XGBoost,tuned
0,0.002959806,1864,0.7636214666120442,382,1.0,0.7636214666120442,1.309549356223176,XGBoost,tuned
0,0.002956785,1865,0.7640311347808275,382,1.0,0.7640311347808275,1.3088471849865952,XGBoost,tuned
0,0.0029456401,1866,0.7644408029496108,382,1.0,0.7644408029496108,1.3081457663451233,XGBoost,tuned
0,0.0029324857,1867,0.7648504711183941,382,1.0,0.7648504711183941,1.3074450990894484,XGBoost,tuned
0,0.0029315879,1868,0.7652601392871774,382,1.0,0.7652601392871774,1.306745182012848,XGBoost,tuned
0,0.0029268584,1869,0.7656698074559607,382,1.0,0.7656698074559607,1.3060460139111825,XGBoost,tuned
0,0.0029261434,1870,0.766079475624744,382,1.0,0.766079475624744,1.3053475935828875,XGBoost,tuned
0,0.0029251585,1871,0.7664891437935273,382,1.0,0.7664891437935273,1.3046499198289685,XGBoost,tuned
0,0.0029220644,1872,0.7668988119623106,382,1.0,0.7668988119623106,1.3039529914529913,XGBoost,tuned
0,0.0029195203,1873,0.7673084801310938,382,1.0,0.7673084801310938,1.3032568072610786,XGBoost,tuned
0,0.0028943769,1874,0.7677181482998771,382,1.0,0.7677181482998771,1.3025613660618998,XGBoost,tuned
0,0.002890702,1875,0.7681278164686604,382,1.0,0.7681278164686604,1.3018666666666667,XGBoost,tuned
0,0.002890022,1876,0.7685374846374436,382,1.0,0.7685374846374436,1.3011727078891258,XGBoost,tuned
0,0.002887672,1877,0.7689471528062269,382,1.0,0.7689471528062269,1.3004794885455515,XGBoost,tuned
0,0.0028859177,1878,0.7693568209750102,382,1.0,0.7693568209750102,1.299787007454739,XGBoost,tuned
0,0.002879988,1879,0.7697664891437935,382,1.0,0.7697664891437935,1.2990952634379989,XGBoost,tuned
0,0.0028726468,1880,0.7701761573125768,382,1.0,0.7701761573125768,1.2984042553191488,XGBoost,tuned
0,0.002866338,1881,0.7705858254813601,382,1.0,0.7705858254813601,1.2977139819245083,XGBoost,tuned
0,0.0028651294,1882,0.7709954936501434,382,1.0,0.7709954936501434,1.2970244420828905,XGBoost,tuned
0,0.0028643885,1883,0.7714051618189267,382,1.0,0.7714051618189267,1.2963356346255974,XGBoost,tuned
0,0.0028585393,1884,0.77181482998771,382,1.0,0.77181482998771,1.2956475583864118,XGBoost,tuned
0,0.0028529724,1885,0.7722244981564932,382,1.0,0.7722244981564932,1.2949602122015915,XGBoost,tuned
0,0.0028322374,1886,0.7726341663252765,382,1.0,0.7726341663252765,1.2942735949098623,XGBoost,tuned
0,0.0028194417,1887,0.7730438344940598,382,1.0,0.7730438344940598,1.2935877053524112,XGBoost,tuned
0,0.0028093273,1888,0.7734535026628431,382,1.0,0.7734535026628431,1.2929025423728815,XGBoost,tuned
0,0.0027999056,1889,0.7738631708316264,382,1.0,0.7738631708316264,1.2922181048173638,XGBoost,tuned
0,0.0027972853,1890,0.7742728390004097,382,1.0,0.7742728390004097,1.2915343915343915,XGBoost,tuned
0,0.0027898783,1891,0.774682507169193,382,1.0,0.774682507169193,1.290851401374934,XGBoost,tuned
0,0.002774718,1892,0.7750921753379763,382,1.0,0.7750921753379763,1.290169133192389,XGBoost,tuned
0,0.002772095,1893,0.7755018435067595,382,1.0,0.7755018435067595,1.2894875858425778,XGBoost,tuned
0,0.0027695997,1894,0.7759115116755428,382,1.0,0.7759115116755428,1.2888067581837381,XGBoost,tuned
0,0.0027675538,1895,0.7763211798443261,382,1.0,0.7763211798443261,1.288126649076517,XGBoost,tuned
0,0.0027656117,1896,0.7767308480131094,382,1.0,0.7767308480131094,1.2874472573839661,XGBoost,tuned
0,0.002765466,1897,0.7771405161818926,382,1.0,0.7771405161818926,1.286768581971534,XGBoost,tuned
0,0.002760942,1898,0.7775501843506759,382,1.0,0.7775501843506759,1.2860906217070602,XGBoost,tuned
0,0.0027582452,1899,0.7779598525194592,382,1.0,0.7779598525194592,1.2854133754607688,XGBoost,tuned
0,0.0027550613,1900,0.7783695206882425,382,1.0,0.7783695206882425,1.2847368421052632,XGBoost,tuned
0,0.002742723,1901,0.7787791888570258,382,1.0,0.7787791888570258,1.284061020515518,XGBoost,tuned
0,0.0027422416,1902,0.7791888570258091,382,1.0,0.7791888570258091,1.2833859095688749,XGBoost,tuned
0,0.002738352,1903,0.7795985251945924,382,1.0,0.7795985251945924,1.2827115081450342,XGBoost,tuned
0,0.0027335172,1904,0.7800081933633757,382,1.0,0.7800081933633757,1.2820378151260503,XGBoost,tuned
0,0.0027273912,1905,0.780417861532159,382,1.0,0.780417861532159,1.2813648293963253,XGBoost,tuned
0,0.002719588,1906,0.7808275297009423,382,1.0,0.7808275297009423,1.2806925498426023,XGBoost,tuned
0,0.0027121452,1907,0.7812371978697256,382,1.0,0.7812371978697256,1.280020975353959,XGBoost,tuned
0,0.0027105813,1908,0.7816468660385089,382,1.0,0.7816468660385089,1.2793501048218028,XGBoost,tuned
0,0.0027100684,1909,0.782056534207292,382,1.0,0.782056534207292,1.2786799371398638,XGBoost,tuned
0,0.0026955558,1910,0.7824662023760753,382,1.0,0.7824662023760753,1.2780104712041886,XGBoost,tuned
0,0.0026911742,1911,0.7828758705448586,382,1.0,0.7828758705448586,1.2773417059131345,XGBoost,tuned
0,0.0026885017,1912,0.7832855387136419,382,1.0,0.7832855387136419,1.276673640167364,XGBoost,tuned
0,0.0026832586,1913,0.7836952068824252,382,1.0,0.7836952068824252,1.276006272869838,XGBoost,tuned
0,0.0026672373,1914,0.7841048750512085,382,1.0,0.7841048750512085,1.2753396029258097,XGBoost,tuned
0,0.002650134,1915,0.7845145432199918,382,1.0,0.7845145432199918,1.2746736292428198,XGBoost,tuned
0,0.0026453189,1916,0.7849242113887751,382,1.0,0.7849242113887751,1.274008350730689,XGBoost,tuned
0,0.002645062,1917,0.7853338795575584,382,1.0,0.7853338795575584,1.2733437663015128,XGBoost,tuned
0,0.0026423389,1918,0.7857435477263417,382,1.0,0.7857435477263417,1.272679874869656,XGBoost,tuned
0,0.0026280694,1919,0.786153215895125,382,1.0,0.786153215895125,1.2720166753517457,XGBoost,tuned
0,0.0026249203,1920,0.7865628840639083,382,1.0,0.7865628840639083,1.2713541666666666,XGBoost,tuned
0,0.0026226942,1921,0.7869725522326915,382,1.0,0.7869725522326915,1.2706923477355545,XGBoost,tuned
0,0.002622663,1922,0.7873822204014748,382,1.0,0.7873822204014748,1.2700312174817898,XGBoost,tuned
0,0.0026071947,1923,0.7877918885702581,382,1.0,0.7877918885702581,1.2693707748309933,XGBoost,tuned
0,0.0026001106,1924,0.7882015567390414,382,1.0,0.7882015567390414,1.2687110187110187,XGBoost,tuned
0,0.0025498935,1925,0.7886112249078246,382,1.0,0.7886112249078246,1.268051948051948,XGBoost,tuned
0,0.0025494497,1926,0.7890208930766079,382,1.0,0.7890208930766079,1.2673935617860852,XGBoost,tuned
0,0.002524196,1927,0.7894305612453912,382,1.0,0.7894305612453912,1.2667358588479503,XGBoost,tuned
0,0.0025237496,1928,0.7898402294141745,382,1.0,0.7898402294141745,1.2660788381742738,XGBoost,tuned
0,0.0025233426,1929,0.7902498975829578,382,1.0,0.7902498975829578,1.2654224987039917,XGBoost,tuned
0,0.0025157244,1930,0.7906595657517411,382,1.0,0.7906595657517411,1.2647668393782383,XGBoost,tuned
0,0.002510077,1931,0.7910692339205244,382,1.0,0.7910692339205244,1.2641118591403417,XGBoost,tuned
0,0.0025097812,1932,0.7914789020893077,382,1.0,0.7914789020893077,1.2634575569358177,XGBoost,tuned
0,0.0025096056,1933,0.7918885702580909,382,1.0,0.7918885702580909,1.2628039317123643,XGBoost,tuned
0,0.002501441,1934,0.7922982384268742,382,1.0,0.7922982384268742,1.2621509824198553,XGBoost,tuned
0,0.002493241,1935,0.7927079065956575,382,1.0,0.7927079065956575,1.261498708010336,XGBoost,tuned
0,0.002490014,1936,0.7931175747644408,382,1.0,0.7931175747644408,1.2608471074380165,XGBoost,tuned
0,0.0024893486,1937,0.7935272429332241,382,1.0,0.7935272429332241,1.260196179659267,XGBoost,tuned
0,0.0024865605,1938,0.7939369111020074,382,1.0,0.7939369111020074,1.259545923632611,XGBoost,tuned
0,0.0024790273,1939,0.7943465792707907,382,1.0,0.7943465792707907,1.258896338318721,XGBoost,tuned
0,0.002478322,1940,0.794756247439574,382,1.0,0.794756247439574,1.2582474226804123,XGBoost,tuned
0,0.0024652493,1941,0.7951659156083573,382,1.0,0.7951659156083573,1.2575991756826377,XGBoost,tuned
0,0.0024628735,1942,0.7955755837771405,382,1.0,0.7955755837771405,1.256951596292482,XGBoost,tuned
0,0.002461925,1943,0.7959852519459238,382,1.0,0.7959852519459238,1.2563046834791558,XGBoost,tuned
0,0.0024608255,1944,0.7963949201147071,382,1.0,0.7963949201147071,1.2556584362139918,XGBoost,tuned
0,0.0024594516,1945,0.7968045882834903,382,1.0,0.7968045882834903,1.255012853470437,XGBoost,tuned
0,0.0024479995,1946,0.7972142564522736,382,1.0,0.7972142564522736,1.2543679342240495,XGBoost,tuned
0,0.0024405525,1947,0.7976239246210569,382,1.0,0.7976239246210569,1.2537236774524911,XGBoost,tuned
0,0.0024375536,1948,0.7980335927898402,382,1.0,0.7980335927898402,1.2530800821355237,XGBoost,tuned
0,0.0024315848,1949,0.7984432609586235,382,1.0,0.7984432609586235,1.2524371472550027,XGBoost,tuned
0,0.0024212662,1950,0.7988529291274068,382,1.0,0.7988529291274068,1.2517948717948717,XGBoost,tuned
0,0.0024179595,1951,0.7992625972961901,382,1.0,0.7992625972961901,1.2511532547411583,XGBoost,tuned
0,0.0024176168,1952,0.7996722654649734,382,1.0,0.7996722654649734,1.2505122950819672,XGBoost,tuned
0,0.0024168326,1953,0.8000819336337567,382,1.0,0.8000819336337567,1.2498719918074757,XGBoost,tuned
0,0.0024157108,1954,0.80049160180254,382,1.0,0.80049160180254,1.2492323439099282,XGBoost,tuned
0,0.0024141886,1955,0.8009012699713233,382,1.0,0.8009012699713233,1.2485933503836317,XGBoost,tuned
0,0.0024129762,1956,0.8013109381401066,382,1.0,0.8013109381401066,1.2479550102249488,XGBoost,tuned
0,0.0024089278,1957,0.8017206063088897,382,1.0,0.8017206063088897,1.2473173224322944,XGBoost,tuned
0,0.0024046747,1958,0.802130274477673,382,1.0,0.802130274477673,1.2466802860061288,XGBoost,tuned
0,0.0024026725,1959,0.8025399426464563,382,1.0,0.8025399426464563,1.2460438999489536,XGBoost,tuned
0,0.002395321,1960,0.8029496108152396,382,1.0,0.8029496108152396,1.2454081632653062,XGBoost,tuned
0,0.0023845194,1961,0.8033592789840229,382,1.0,0.8033592789840229,1.2447730749617543,XGBoost,tuned
0,0.002384186,1962,0.8037689471528062,382,1.0,0.8037689471528062,1.244138634046891,XGBoost,tuned
0,0.0023817262,1963,0.8041786153215895,382,1.0,0.8041786153215895,1.2435048395313295,XGBoost,tuned
0,0.002379741,1964,0.8045882834903728,382,1.0,0.8045882834903728,1.2428716904276986,XGBoost,tuned
0,0.0023760952,1965,0.8049979516591561,382,1.0,0.8049979516591561,1.242239185750636,XGBoost,tuned
0,0.002373525,1966,0.8054076198279394,382,1.0,0.8054076198279394,1.2416073245167853,XGBoost,tuned
0,0.002364939,1967,0.8058172879967227,382,1.0,0.8058172879967227,1.240976105744789,XGBoost,tuned
0,0.0023641493,1968,0.806226956165506,382,1.0,0.806226956165506,1.2403455284552845,XGBoost,tuned
0,0.002363287,1969,0.8066366243342892,382,1.0,0.8066366243342892,1.239715591670899,XGBoost,tuned
0,0.002363287,1970,0.8070462925030725,382,1.0,0.8070462925030725,1.2390862944162437,XGBoost,tuned
0,0.0023418365,1971,0.8074559606718558,382,1.0,0.8074559606718558,1.2384576357179098,XGBoost,tuned
0,0.0023302455,1972,0.8078656288406391,382,1.0,0.8078656288406391,1.2378296146044625,XGBoost,tuned
0,0.0023263742,1973,0.8082752970094224,382,1.0,0.8082752970094224,1.237202230106437,XGBoost,tuned
0,0.0023142453,1974,0.8086849651782057,382,1.0,0.8086849651782057,1.2365754812563323,XGBoost,tuned
0,0.0023124458,1975,0.809094633346989,382,1.0,0.809094633346989,1.2359493670886075,XGBoost,tuned
0,0.0022741258,1976,0.8095043015157722,382,1.0,0.8095043015157722,1.235323886639676,XGBoost,tuned
0,0.0022645688,1977,0.8099139696845555,382,1.0,0.8099139696845555,1.234699038947901,XGBoost,tuned
0,0.002261468,1978,0.8103236378533388,382,1.0,0.8103236378533388,1.2340748230535894,XGBoost,tuned
0,0.0022609862,1979,0.8107333060221221,382,1.0,0.8107333060221221,1.2334512379989893,XGBoost,tuned
0,0.0022510793,1980,0.8111429741909054,382,1.0,0.8111429741909054,1.2328282828282828,XGBoost,tuned
0,0.0022402296,1981,0.8115526423596886,382,1.0,0.8115526423596886,1.232205956587582,XGBoost,tuned
0,0.002228573,1982,0.8119623105284719,382,1.0,0.8119623105284719,1.2315842583249244,XGBoost,tuned
0,0.0022200677,1983,0.8123719786972552,382,1.0,0.8123719786972552,1.2309631870902673,XGBoost,tuned
0,0.0022199915,1984,0.8127816468660385,382,1.0,0.8127816468660385,1.230342741935484,XGBoost,tuned
0,0.0022110234,1985,0.8131913150348218,382,1.0,0.8131913150348218,1.2297229219143577,XGBoost,tuned
0,0.0022015152,1986,0.8136009832036051,382,1.0,0.8136009832036051,1.2291037260825781,XGBoost,tuned
0,0.0021971976,1987,0.8140106513723884,382,1.0,0.8140106513723884,1.2284851534977352,XGBoost,tuned
0,0.0021931902,1988,0.8144203195411717,382,1.0,0.8144203195411717,1.2278672032193159,XGBoost,tuned
0,0.0021843174,1989,0.814829987709955,382,1.0,0.814829987709955,1.2272498743086977,XGBoost,tuned
0,0.002183082,1990,0.8152396558787383,382,1.0,0.8152396558787383,1.2266331658291456,XGBoost,tuned
0,0.002179604,1991,0.8156493240475216,382,1.0,0.8156493240475216,1.226017076845806,XGBoost,tuned
0,0.0021783165,1992,0.8160589922163048,382,1.0,0.8160589922163048,1.2254016064257027,XGBoost,tuned
0,0.0021777,1993,0.816468660385088,382,1.0,0.816468660385088,1.2247867536377322,XGBoost,tuned
0,0.0021763367,1994,0.8168783285538713,382,1.0,0.8168783285538713,1.224172517552658,XGBoost,tuned
0,0.0021701294,1995,0.8172879967226546,382,1.0,0.8172879967226546,1.2235588972431077,XGBoost,tuned
0,0.0021415225,1996,0.8176976648914379,382,1.0,0.8176976648914379,1.2229458917835672,XGBoost,tuned
0,0.0021163085,1997,0.8181073330602212,382,1.0,0.8181073330602212,1.2223335002503757,XGBoost,tuned
0,0.002112791,1998,0.8185170012290045,382,1.0,0.8185170012290045,1.2217217217217218,XGBoost,tuned
0,0.0021084836,1999,0.8189266693977878,382,1.0,0.8189266693977878,1.221110555277639,XGBoost,tuned
0,0.0020983098,2000,0.8193363375665711,382,1.0,0.8193363375665711,1.2205,XGBoost,tuned
0,0.0020927188,2001,0.8197460057353544,382,1.0,0.8197460057353544,1.2198900549725138,XGBoost,tuned
0,0.0020860357,2002,0.8201556739041377,382,1.0,0.8201556739041377,1.2192807192807191,XGBoost,tuned
0,0.0020849162,2003,0.820565342072921,382,1.0,0.820565342072921,1.218671992011982,XGBoost,tuned
0,0.0020780417,2004,0.8209750102417043,382,1.0,0.8209750102417043,1.2180638722554888,XGBoost,tuned
0,0.0020671368,2005,0.8213846784104875,382,1.0,0.8213846784104875,1.2174563591022445,XGBoost,tuned
0,0.00206502,2006,0.8217943465792708,382,1.0,0.8217943465792708,1.216849451645065,XGBoost,tuned
0,0.0020646318,2007,0.822204014748054,382,1.0,0.822204014748054,1.216243148978575,XGBoost,tuned
0,0.002063694,2008,0.8226136829168373,382,1.0,0.8226136829168373,1.2156374501992033,XGBoost,tuned
0,0.0020629026,2009,0.8230233510856206,382,1.0,0.8230233510856206,1.2150323544051767,XGBoost,tuned
0,0.0020613628,2010,0.8234330192544039,382,1.0,0.8234330192544039,1.2144278606965173,XGBoost,tuned
0,0.0020613414,2011,0.8238426874231872,382,1.0,0.8238426874231872,1.2138239681750373,XGBoost,tuned
0,0.002059355,2012,0.8242523555919705,382,1.0,0.8242523555919705,1.213220675944334,XGBoost,tuned
0,0.0020476056,2013,0.8246620237607538,382,1.0,0.8246620237607538,1.2126179831097863,XGBoost,tuned
0,0.0020355918,2014,0.8250716919295371,382,1.0,0.8250716919295371,1.2120158887785502,XGBoost,tuned
0,0.00201502,2015,0.8254813600983204,382,1.0,0.8254813600983204,1.2114143920595533,XGBoost,tuned
0,0.0020144735,2016,0.8258910282671037,382,1.0,0.8258910282671037,1.210813492063492,XGBoost,tuned
0,0.0020139741,2017,0.8263006964358869,382,1.0,0.8263006964358869,1.210213187902826,XGBoost,tuned
0,0.002013859,2018,0.8267103646046702,382,1.0,0.8267103646046702,1.209613478691774,XGBoost,tuned
0,0.0020129,2019,0.8271200327734535,382,1.0,0.8271200327734535,1.2090143635463102,XGBoost,tuned
0,0.001996705,2020,0.8275297009422368,382,1.0,0.8275297009422368,1.2084158415841584,XGBoost,tuned
0,0.0019884335,2021,0.8279393691110201,382,1.0,0.8279393691110201,1.2078179119247898,XGBoost,tuned
0,0.001982834,2022,0.8283490372798034,382,1.0,0.8283490372798034,1.2072205736894164,XGBoost,tuned
0,0.001980268,2023,0.8287587054485867,382,1.0,0.8287587054485867,1.2066238260009887,XGBoost,tuned
0,0.0019772178,2024,0.82916837361737,382,1.0,0.82916837361737,1.2060276679841897,XGBoost,tuned
0,0.0019701228,2025,0.8295780417861532,382,1.0,0.8295780417861532,1.2054320987654321,XGBoost,tuned
0,0.0019662993,2026,0.8299877099549365,382,1.0,0.8299877099549365,1.204837117472853,XGBoost,tuned
0,0.0019662974,2027,0.8303973781237198,382,1.0,0.8303973781237198,1.2042427232363098,XGBoost,tuned
0,0.0019503153,2028,0.8308070462925031,382,1.0,0.8308070462925031,1.2036489151873766,XGBoost,tuned
0,0.0019490413,2029,0.8312167144612863,382,1.0,0.8312167144612863,1.2030556924593396,XGBoost,tuned
0,0.0019483875,2030,0.8316263826300696,382,1.0,0.8316263826300696,1.2024630541871921,XGBoost,tuned
0,0.0019445291,2031,0.8320360507988529,382,1.0,0.8320360507988529,1.2018709995076318,XGBoost,tuned
0,0.001943814,2032,0.8324457189676362,382,1.0,0.8324457189676362,1.201279527559055,XGBoost,tuned
0,0.0019422531,2033,0.8328553871364195,382,1.0,0.8328553871364195,1.2006886374815544,XGBoost,tuned
0,0.0019396639,2034,0.8332650553052028,382,1.0,0.8332650553052028,1.2000983284169124,XGBoost,tuned
0,0.001936151,2035,0.8336747234739861,382,1.0,0.8336747234739861,1.1995085995085994,XGBoost,tuned
0,0.0019350611,2036,0.8340843916427694,382,1.0,0.8340843916427694,1.1989194499017681,XGBoost,tuned
0,0.0019309584,2037,0.8344940598115527,382,1.0,0.8344940598115527,1.1983308787432498,XGBoost,tuned
0,0.0019269264,2038,0.834903727980336,382,1.0,0.834903727980336,1.1977428851815506,XGBoost,tuned
0,0.0019234411,2039,0.8353133961491193,382,1.0,0.8353133961491193,1.1971554683668464,XGBoost,tuned
0,0.0019230081,2040,0.8357230643179026,382,1.0,0.8357230643179026,1.1965686274509804,XGBoost,tuned
0,0.0019097095,2041,0.8361327324866857,382,1.0,0.8361327324866857,1.1959823615874572,XGBoost,tuned
0,0.0019057483,2042,0.836542400655469,382,1.0,0.836542400655469,1.1953966699314398,XGBoost,tuned
0,0.0019025293,2043,0.8369520688242523,382,1.0,0.8369520688242523,1.1948115516397455,XGBoost,tuned
0,0.0018928491,2044,0.8373617369930356,382,1.0,0.8373617369930356,1.1942270058708415,XGBoost,tuned
0,0.001889804,2045,0.8377714051618189,382,1.0,0.8377714051618189,1.193643031784841,XGBoost,tuned
0,0.0018790256,2046,0.8381810733306022,382,1.0,0.8381810733306022,1.1930596285434996,XGBoost,tuned
0,0.0018719764,2047,0.8385907414993855,382,1.0,0.8385907414993855,1.19247679531021,XGBoost,tuned
0,0.0018704544,2048,0.8390004096681688,382,1.0,0.8390004096681688,1.19189453125,XGBoost,tuned
0,0.0018700538,2049,0.8394100778369521,382,1.0,0.8394100778369521,1.1913128355295266,XGBoost,tuned
0,0.0018687628,2050,0.8398197460057354,382,1.0,0.8398197460057354,1.1907317073170731,XGBoost,tuned
0,0.0018686409,2051,0.8402294141745187,382,1.0,0.8402294141745187,1.190151145782545,XGBoost,tuned
0,0.0018639367,2052,0.840639082343302,382,1.0,0.840639082343302,1.1895711500974657,XGBoost,tuned
0,0.0018625569,2053,0.8410487505120852,382,1.0,0.8410487505120852,1.1889917194349733,XGBoost,tuned
0,0.0018611302,2054,0.8414584186808685,382,1.0,0.8414584186808685,1.188412852969815,XGBoost,tuned
0,0.0018599392,2055,0.8418680868496518,382,1.0,0.8418680868496518,1.1878345498783456,XGBoost,tuned
0,0.0018585994,2056,0.842277755018435,382,1.0,0.842277755018435,1.1872568093385214,XGBoost,tuned
0,0.0018564898,2057,0.8426874231872183,382,1.0,0.8426874231872183,1.1866796305298979,XGBoost,tuned
0,0.0018544216,2058,0.8430970913560016,382,1.0,0.8430970913560016,1.186103012633625,XGBoost,tuned
0,0.0018543978,2059,0.8435067595247849,382,1.0,0.8435067595247849,1.185526954832443,XGBoost,tuned
0,0.0018508144,2060,0.8439164276935682,382,1.0,0.8439164276935682,1.1849514563106796,XGBoost,tuned
0,0.0018503036,2061,0.8443260958623515,382,1.0,0.8443260958623515,1.1843765162542454,XGBoost,tuned
0,0.0018467499,2062,0.8447357640311348,382,1.0,0.8447357640311348,1.1838021338506304,XGBoost,tuned
0,0.0018436024,2063,0.8451454321999181,382,1.0,0.8451454321999181,1.1832283082888997,XGBoost,tuned
0,0.0018395048,2064,0.8455551003687014,382,1.0,0.8455551003687014,1.18265503875969,XGBoost,tuned
0,0.001833004,2065,0.8459647685374846,382,1.0,0.8459647685374846,1.182082324455206,XGBoost,tuned
0,0.001824117,2066,0.8463744367062679,382,1.0,0.8463744367062679,1.1815101645692159,XGBoost,tuned
0,0.0018138845,2067,0.8467841048750512,382,1.0,0.8467841048750512,1.1809385582970489,XGBoost,tuned
0,0.0017939643,2068,0.8471937730438345,382,1.0,0.8471937730438345,1.18036750483559,XGBoost,tuned
0,0.0017873895,2069,0.8476034412126178,382,1.0,0.8476034412126178,1.179797003383277,XGBoost,tuned
0,0.0017871003,2070,0.8480131093814011,382,1.0,0.8480131093814011,1.1792270531400966,XGBoost,tuned
0,0.0017865134,2071,0.8484227775501844,382,1.0,0.8484227775501844,1.1786576533075808,XGBoost,tuned
0,0.0017767196,2072,0.8488324457189677,382,1.0,0.8488324457189677,1.178088803088803,XGBoost,tuned
0,0.0017705761,2073,0.849242113887751,382,1.0,0.849242113887751,1.1775205016883743,XGBoost,tuned
0,0.0017641371,2074,0.8496517820565342,382,1.0,0.8496517820565342,1.1769527483124398,XGBoost,tuned
0,0.0017555116,2075,0.8500614502253175,382,1.0,0.8500614502253175,1.1763855421686746,XGBoost,tuned
0,0.0017547839,2076,0.8504711183941008,382,1.0,0.8504711183941008,1.1758188824662812,XGBoost,tuned
0,0.0017381749,2077,0.850880786562884,382,1.0,0.850880786562884,1.1752527684159846,XGBoost,tuned
0,0.001737237,2078,0.8512904547316673,382,1.0,0.8512904547316673,1.174687199230029,XGBoost,tuned
0,0.0017238149,2079,0.8517001229004506,382,1.0,0.8517001229004506,1.1741221741221741,XGBoost,tuned
0,0.0017173943,2080,0.8521097910692339,382,1.0,0.8521097910692339,1.1735576923076922,XGBoost,tuned
0,0.0017097034,2081,0.8525194592380172,382,1.0,0.8525194592380172,1.1729937530033638,XGBoost,tuned
0,0.001706957,2082,0.8529291274068005,382,1.0,0.8529291274068005,1.1724303554274735,XGBoost,tuned
0,0.0017024664,2083,0.8533387955755838,382,1.0,0.8533387955755838,1.171867498799808,XGBoost,tuned
0,0.0016965468,2084,0.8537484637443671,382,1.0,0.8537484637443671,1.1713051823416507,XGBoost,tuned
0,0.0016930011,2085,0.8541581319131504,382,1.0,0.8541581319131504,1.1707434052757792,XGBoost,tuned
0,0.001690041,2086,0.8545678000819337,382,1.0,0.8545678000819337,1.170182166826462,XGBoost,tuned
0,0.0016900097,2087,0.854977468250717,382,1.0,0.854977468250717,1.1696214662194537,XGBoost,tuned
0,0.0016870758,2088,0.8553871364195003,382,1.0,0.8553871364195003,1.1690613026819923,XGBoost,tuned
0,0.0016637238,2089,0.8557968045882834,382,1.0,0.8557968045882834,1.1685016754427957,XGBoost,tuned
0,0.0016542051,2090,0.8562064727570667,382,1.0,0.8562064727570667,1.1679425837320574,XGBoost,tuned
0,0.0016532817,2091,0.85661614092585,382,1.0,0.85661614092585,1.1673840267814444,XGBoost,tuned
0,0.0016451096,2092,0.8570258090946333,382,1.0,0.8570258090946333,1.1668260038240919,XGBoost,tuned
0,0.001626992,2093,0.8574354772634166,382,1.0,0.8574354772634166,1.166268514094601,XGBoost,tuned
0,0.0016239324,2094,0.8578451454321999,382,1.0,0.8578451454321999,1.1657115568290353,XGBoost,tuned
0,0.0016223544,2095,0.8582548136009832,382,1.0,0.8582548136009832,1.1651551312649164,XGBoost,tuned
0,0.0016138463,2096,0.8586644817697665,382,1.0,0.8586644817697665,1.1645992366412214,XGBoost,tuned
0,0.0016131871,2097,0.8590741499385498,382,1.0,0.8590741499385498,1.1640438721983786,XGBoost,tuned
0,0.0015989421,2098,0.8594838181073331,382,1.0,0.8594838181073331,1.163489037178265,XGBoost,tuned
0,0.0015914418,2099,0.8598934862761164,382,1.0,0.8598934862761164,1.162934730824202,XGBoost,tuned
0,0.0015906434,2100,0.8603031544448996,382,1.0,0.8603031544448996,1.1623809523809525,XGBoost,tuned
0,0.0015857787,2101,0.8607128226136829,382,1.0,0.8607128226136829,1.161827701094717,XGBoost,tuned
0,0.0015857387,2102,0.8611224907824662,382,1.0,0.8611224907824662,1.1612749762131305,XGBoost,tuned
0,0.001581357,2103,0.8615321589512495,382,1.0,0.8615321589512495,1.1607227769852593,XGBoost,tuned
0,0.0015749504,2104,0.8619418271200328,382,1.0,0.8619418271200328,1.160171102661597,XGBoost,tuned
0,0.0015739813,2105,0.862351495288816,382,1.0,0.862351495288816,1.1596199524940618,XGBoost,tuned
0,0.0015709477,2106,0.8627611634575993,382,1.0,0.8627611634575993,1.1590693257359923,XGBoost,tuned
0,0.0015650258,2107,0.8631708316263826,382,1.0,0.8631708316263826,1.1585192216421452,XGBoost,tuned
0,0.0015648776,2108,0.8635804997951659,382,1.0,0.8635804997951659,1.1579696394686907,XGBoost,tuned
0,0.0015553805,2109,0.8639901679639492,382,1.0,0.8639901679639492,1.1574205784732101,XGBoost,tuned
0,0.0015499752,2110,0.8643998361327325,382,1.0,0.8643998361327325,1.156872037914692,XGBoost,tuned
0,0.0015487634,2111,0.8648095043015158,382,1.0,0.8648095043015158,1.1563240170535292,XGBoost,tuned
0,0.0015479679,2112,0.865219172470299,382,1.0,0.865219172470299,1.1557765151515151,XGBoost,tuned
0,0.0015332308,2113,0.8656288406390823,382,1.0,0.8656288406390823,1.155229531471841,XGBoost,tuned
0,0.0015304106,2114,0.8660385088078656,382,1.0,0.8660385088078656,1.1546830652790918,XGBoost,tuned
0,0.0015262179,2115,0.8664481769766489,382,1.0,0.8664481769766489,1.1541371158392435,XGBoost,tuned
0,0.0015223534,2116,0.8668578451454322,382,1.0,0.8668578451454322,1.1535916824196597,XGBoost,tuned
0,0.0015144324,2117,0.8672675133142155,382,1.0,0.8672675133142155,1.1530467642890883,XGBoost,tuned
0,0.0015124371,2118,0.8676771814829988,382,1.0,0.8676771814829988,1.152502360717658,XGBoost,tuned
0,0.0015103272,2119,0.8680868496517821,382,1.0,0.8680868496517821,1.151958470976876,XGBoost,tuned
0,0.0015098786,2120,0.8684965178205654,382,1.0,0.8684965178205654,1.1514150943396226,XGBoost,tuned
0,0.00150559,2121,0.8689061859893487,382,1.0,0.8689061859893487,1.1508722300801508,XGBoost,tuned
0,0.0015052124,2122,0.869315854158132,382,1.0,0.869315854158132,1.150329877474081,XGBoost,tuned
0,0.0014990239,2123,0.8697255223269152,382,1.0,0.8697255223269152,1.1497880357983985,XGBoost,tuned
0,0.0014954489,2124,0.8701351904956984,382,1.0,0.8701351904956984,1.1492467043314503,XGBoost,tuned
0,0.0014880373,2125,0.8705448586644817,382,1.0,0.8705448586644817,1.1487058823529412,XGBoost,tuned
0,0.0014806716,2126,0.870954526833265,382,1.0,0.870954526833265,1.1481655691439323,XGBoost,tuned
0,0.0014778586,2127,0.8713641950020483,382,1.0,0.8713641950020483,1.147625763986836,XGBoost,tuned
0,0.0014773941,2128,0.8717738631708316,382,1.0,0.8717738631708316,1.1470864661654137,XGBoost,tuned
0,0.0014671729,2129,0.8721835313396149,382,1.0,0.8721835313396149,1.1465476749647723,XGBoost,tuned
0,0.0014670164,2130,0.8725931995083982,382,1.0,0.8725931995083982,1.1460093896713615,XGBoost,tuned
0,0.0014631198,2131,0.8730028676771815,382,1.0,0.8730028676771815,1.1454716095729705,XGBoost,tuned
0,0.001460226,2132,0.8734125358459648,382,1.0,0.8734125358459648,1.1449343339587241,XGBoost,tuned
0,0.0014477334,2133,0.8738222040147481,382,1.0,0.8738222040147481,1.1443975621190812,XGBoost,tuned
0,0.001445097,2134,0.8742318721835314,382,1.0,0.8742318721835314,1.1438612933458294,XGBoost,tuned
0,0.0014445006,2135,0.8746415403523147,382,1.0,0.8746415403523147,1.1433255269320843,XGBoost,tuned
0,0.0014431195,2136,0.8750512085210979,382,1.0,0.8750512085210979,1.1427902621722847,XGBoost,tuned
0,0.0014429779,2137,0.8754608766898812,382,1.0,0.8754608766898812,1.14225549836219,XGBoost,tuned
0,0.0014406348,2138,0.8758705448586644,382,1.0,0.8758705448586644,1.1417212347988774,XGBoost,tuned
0,0.0014404366,2139,0.8762802130274477,382,1.0,0.8762802130274477,1.1411874707807388,XGBoost,tuned
0,0.0014379608,2140,0.876689881196231,382,1.0,0.876689881196231,1.1406542056074767,XGBoost,tuned
0,0.0014370935,2141,0.8770995493650143,382,1.0,0.8770995493650143,1.1401214385801028,XGBoost,tuned
0,0.0014179912,2142,0.8775092175337976,382,1.0,0.8775092175337976,1.1395891690009337,XGBoost,tuned
0,0.0014174546,2143,0.8779188857025809,382,1.0,0.8779188857025809,1.1390573961735884,XGBoost,tuned
0,0.0014028517,2144,0.8783285538713642,382,1.0,0.8783285538713642,1.138526119402985,XGBoost,tuned
0,0.0014015529,2145,0.8787382220401475,382,1.0,0.8787382220401475,1.137995337995338,XGBoost,tuned
0,0.0013988747,2146,0.8791478902089308,382,1.0,0.8791478902089308,1.1374650512581546,XGBoost,tuned
0,0.0013979718,2147,0.8795575583777141,382,1.0,0.8795575583777141,1.1369352585002328,XGBoost,tuned
0,0.0013916945,2148,0.8799672265464973,382,1.0,0.8799672265464973,1.1364059590316575,XGBoost,tuned
0,0.0013915509,2149,0.8803768947152806,382,1.0,0.8803768947152806,1.1358771521637971,XGBoost,tuned
0,0.0013860408,2150,0.8807865628840639,382,1.0,0.8807865628840639,1.1353488372093024,XGBoost,tuned
0,0.0013803993,2151,0.8811962310528472,382,1.0,0.8811962310528472,1.1348210134821013,XGBoost,tuned
0,0.0013678988,2152,0.8816058992216305,382,1.0,0.8816058992216305,1.1342936802973977,XGBoost,tuned
0,0.001356573,2153,0.8820155673904138,382,1.0,0.8820155673904138,1.1337668369716674,XGBoost,tuned
0,0.0013524913,2154,0.882425235559197,382,1.0,0.882425235559197,1.1332404828226554,XGBoost,tuned
0,0.001352063,2155,0.8828349037279803,382,1.0,0.8828349037279803,1.1327146171693736,XGBoost,tuned
0,0.0013482973,2156,0.8832445718967636,382,1.0,0.8832445718967636,1.1321892393320965,XGBoost,tuned
0,0.0013413784,2157,0.8836542400655469,382,1.0,0.8836542400655469,1.1316643486323597,XGBoost,tuned
0,0.0013331415,2158,0.8840639082343302,382,1.0,0.8840639082343302,1.1311399443929564,XGBoost,tuned
0,0.0013204023,2159,0.8844735764031135,382,1.0,0.8844735764031135,1.130616025937934,XGBoost,tuned
0,0.0013177785,2160,0.8848832445718967,382,1.0,0.8848832445718967,1.1300925925925926,XGBoost,tuned
0,0.0013153946,2161,0.88529291274068,382,1.0,0.88529291274068,1.12956964368348,XGBoost,tuned
0,0.0013055066,2162,0.8857025809094633,382,1.0,0.8857025809094633,1.1290471785383904,XGBoost,tuned
0,0.001304157,2163,0.8861122490782466,382,1.0,0.8861122490782466,1.1285251964863616,XGBoost,tuned
0,0.0013004143,2164,0.8865219172470299,382,1.0,0.8865219172470299,1.128003696857671,XGBoost,tuned
0,0.0012965803,2165,0.8869315854158132,382,1.0,0.8869315854158132,1.1274826789838337,XGBoost,tuned
0,0.0012926285,2166,0.8873412535845965,382,1.0,0.8873412535845965,1.1269621421975993,XGBoost,tuned
0,0.0012907259,2167,0.8877509217533798,382,1.0,0.8877509217533798,1.1264420858329487,XGBoost,tuned
0,0.001283237,2168,0.8881605899221631,382,1.0,0.8881605899221631,1.1259225092250922,XGBoost,tuned
0,0.0012777561,2169,0.8885702580909464,382,1.0,0.8885702580909464,1.1254034117104657,XGBoost,tuned
0,0.0012772663,2170,0.8889799262597297,382,1.0,0.8889799262597297,1.124884792626728,XGBoost,tuned
0,0.0012717189,2171,0.889389594428513,382,1.0,0.889389594428513,1.124366651312759,XGBoost,tuned
0,0.0012715795,2172,0.8897992625972961,382,1.0,0.8897992625972961,1.1238489871086557,XGBoost,tuned
0,0.0012695204,2173,0.8902089307660794,382,1.0,0.8902089307660794,1.1233317993557295,XGBoost,tuned
0,0.0012694612,2174,0.8906185989348627,382,1.0,0.8906185989348627,1.1228150873965042,XGBoost,tuned
0,0.001266486,2175,0.891028267103646,382,1.0,0.891028267103646,1.1222988505747127,XGBoost,tuned
0,0.0012534466,2176,0.8914379352724293,382,1.0,0.8914379352724293,1.1217830882352942,XGBoost,tuned
0,0.001250967,2177,0.8918476034412126,382,1.0,0.8918476034412126,1.1212677997243914,XGBoost,tuned
0,0.0012471986,2178,0.8922572716099959,382,1.0,0.8922572716099959,1.120752984389348,XGBoost,tuned
0,0.0012456143,2179,0.8926669397787792,382,1.0,0.8926669397787792,1.1202386415787058,XGBoost,tuned
0,0.001243894,2180,0.8930766079475625,382,1.0,0.8930766079475625,1.1197247706422018,XGBoost,tuned
0,0.001231715,2181,0.8934862761163458,382,1.0,0.8934862761163458,1.1192113709307656,XGBoost,tuned
0,0.0012210336,2182,0.8938959442851291,382,1.0,0.8938959442851291,1.118698441796517,XGBoost,tuned
0,0.0012195789,2183,0.8943056124539124,382,1.0,0.8943056124539124,1.1181859825927623,XGBoost,tuned
0,0.0012106479,2184,0.8947152806226956,382,1.0,0.8947152806226956,1.1176739926739927,XGBoost,tuned
0,0.0012079346,2185,0.8951249487914789,382,1.0,0.8951249487914789,1.117162471395881,XGBoost,tuned
0,0.0011977005,2186,0.8955346169602622,382,1.0,0.8955346169602622,1.1166514181152791,XGBoost,tuned
0,0.0011931481,2187,0.8959442851290454,382,1.0,0.8959442851290454,1.1161408321902149,XGBoost,tuned
0,0.0011914065,2188,0.8963539532978287,382,1.0,0.8963539532978287,1.1156307129798904,XGBoost,tuned
0,0.001177381,2189,0.896763621466612,382,1.0,0.896763621466612,1.115121059844678,XGBoost,tuned
0,0.0011762332,2190,0.8971732896353953,382,1.0,0.8971732896353953,1.1146118721461187,XGBoost,tuned
0,0.0011673254,2191,0.8975829578041786,382,1.0,0.8975829578041786,1.1141031492469191,XGBoost,tuned
0,0.001163542,2192,0.8979926259729619,382,1.0,0.8979926259729619,1.113594890510949,XGBoost,tuned
0,0.0011632023,2193,0.8984022941417452,382,1.0,0.8984022941417452,1.1130870953032375,XGBoost,tuned
0,0.001159385,2194,0.8988119623105285,382,1.0,0.8988119623105285,1.1125797629899725,XGBoost,tuned
0,0.0011575619,2195,0.8992216304793118,382,1.0,0.8992216304793118,1.1120728929384964,XGBoost,tuned
0,0.0011556855,2196,0.899631298648095,382,1.0,0.899631298648095,1.1115664845173043,XGBoost,tuned
0,0.0011553982,2197,0.9000409668168783,382,1.0,0.9000409668168783,1.11106053709604,XGBoost,tuned
0,0.0011552155,2198,0.9004506349856616,382,1.0,0.9004506349856616,1.110555050045496,XGBoost,tuned
0,0.0011540646,2199,0.9008603031544449,382,1.0,0.9008603031544449,1.110050022737608,XGBoost,tuned
0,0.0011369123,2200,0.9012699713232282,382,1.0,0.9012699713232282,1.1095454545454546,XGBoost,tuned
0,0.0011367005,2201,0.9016796394920115,382,1.0,0.9016796394920115,1.109041344843253,XGBoost,tuned
0,0.0011208518,2202,0.9020893076607948,382,1.0,0.9020893076607948,1.108537693006358,XGBoost,tuned
0,0.001118979,2203,0.902498975829578,382,1.0,0.902498975829578,1.1080344984112573,XGBoost,tuned
0,0.0011132616,2204,0.9029086439983613,382,1.0,0.9029086439983613,1.1075317604355717,XGBoost,tuned
0,0.0011118801,2205,0.9033183121671446,382,1.0,0.9033183121671446,1.1070294784580499,XGBoost,tuned
0,0.0011100871,2206,0.9037279803359279,382,1.0,0.9037279803359279,1.1065276518585674,XGBoost,tuned
0,0.0011019722,2207,0.9041376485047112,382,1.0,0.9041376485047112,1.1060262800181242,XGBoost,tuned
0,0.0010971862,2208,0.9045473166734944,382,1.0,0.9045473166734944,1.1055253623188406,XGBoost,tuned
0,0.001094703,2209,0.9049569848422777,382,1.0,0.9049569848422777,1.1050248981439565,XGBoost,tuned
0,0.0010942109,2210,0.905366653011061,382,1.0,0.905366653011061,1.1045248868778281,XGBoost,tuned
0,0.0010933861,2211,0.9057763211798443,382,1.0,0.9057763211798443,1.104025327905925,XGBoost,tuned
0,0.001091135,2212,0.9061859893486276,382,1.0,0.9061859893486276,1.1035262206148282,XGBoost,tuned
0,0.001089539,2213,0.9065956575174109,382,1.0,0.9065956575174109,1.1030275643922278,XGBoost,tuned
0,0.0010876158,2214,0.9070053256861942,382,1.0,0.9070053256861942,1.1025293586269196,XGBoost,tuned
0,0.0010864064,2215,0.9074149938549775,382,1.0,0.9074149938549775,1.1020316027088035,XGBoost,tuned
0,0.001084791,2216,0.9078246620237608,382,1.0,0.9078246620237608,1.1015342960288808,XGBoost,tuned
0,0.0010769664,2217,0.9082343301925441,382,1.0,0.9082343301925441,1.1010374379792511,XGBoost,tuned
0,0.0010757508,2218,0.9086439983613274,382,1.0,0.9086439983613274,1.100541027953111,XGBoost,tuned
0,0.0010726986,2219,0.9090536665301107,382,1.0,0.9090536665301107,1.1000450653447498,XGBoost,tuned
0,0.0010702804,2220,0.9094633346988938,382,1.0,0.9094633346988938,1.0995495495495495,XGBoost,tuned
0,0.0010685209,2221,0.9098730028676771,382,1.0,0.9098730028676771,1.0990544799639803,XGBoost,tuned
0,0.0010680498,2222,0.9102826710364604,382,1.0,0.9102826710364604,1.0985598559855987,XGBoost,tuned
0,0.0010649774,2223,0.9106923392052437,382,1.0,0.9106923392052437,1.0980656770130455,XGBoost,tuned
0,0.0010607884,2224,0.911102007374027,382,1.0,0.911102007374027,1.0975719424460433,XGBoost,tuned
0,0.0010599504,2225,0.9115116755428103,382,1.0,0.9115116755428103,1.0970786516853932,XGBoost,tuned
0,0.001055385,2226,0.9119213437115936,382,1.0,0.9119213437115936,1.096585804132974,XGBoost,tuned
0,0.0010516323,2227,0.9123310118803769,382,1.0,0.9123310118803769,1.0960933991917376,XGBoost,tuned
0,0.0010507441,2228,0.9127406800491602,382,1.0,0.9127406800491602,1.0956014362657092,XGBoost,tuned
0,0.0010505,2229,0.9131503482179435,382,1.0,0.9131503482179435,1.095109914759982,XGBoost,tuned
0,0.0010478531,2230,0.9135600163867268,382,1.0,0.9135600163867268,1.0946188340807175,XGBoost,tuned
0,0.0010433884,2231,0.9139696845555101,382,1.0,0.9139696845555101,1.094128193635141,XGBoost,tuned
0,0.001041636,2232,0.9143793527242933,382,1.0,0.9143793527242933,1.0936379928315412,XGBoost,tuned
0,0.0010390115,2233,0.9147890208930766,382,1.0,0.9147890208930766,1.0931482310792655,XGBoost,tuned
0,0.0010387899,2234,0.9151986890618599,382,1.0,0.9151986890618599,1.0926589077887199,XGBoost,tuned
0,0.0010342578,2235,0.9156083572306432,382,1.0,0.9156083572306432,1.0921700223713646,XGBoost,tuned
0,0.00103385,2236,0.9160180253994264,382,1.0,0.9160180253994264,1.0916815742397137,XGBoost,tuned
0,0.0010286106,2237,0.9164276935682097,382,1.0,0.9164276935682097,1.0911935628073313,XGBoost,tuned
0,0.0010198298,2238,0.916837361736993,382,1.0,0.916837361736993,1.0907059874888294,XGBoost,tuned
0,0.0010163336,2239,0.9172470299057763,382,1.0,0.9172470299057763,1.090218847699866,XGBoost,tuned
0,0.0010129899,2240,0.9176566980745596,382,1.0,0.9176566980745596,1.089732142857143,XGBoost,tuned
0,0.0010095701,2241,0.9180663662433429,382,1.0,0.9180663662433429,1.0892458723784024,XGBoost,tuned
0,0.0010052889,2242,0.9184760344121262,382,1.0,0.9184760344121262,1.0887600356824263,XGBoost,tuned
0,0.0010015663,2243,0.9188857025809095,382,1.0,0.9188857025809095,1.0882746321890324,XGBoost,tuned
0,0.0009986374,2244,0.9192953707496927,382,1.0,0.9192953707496927,1.0877896613190732,XGBoost,tuned
0,0.0009979664,2245,0.919705038918476,382,1.0,0.919705038918476,1.0873051224944321,XGBoost,tuned
0,0.0009921418,2246,0.9201147070872593,382,1.0,0.9201147070872593,1.086821015138023,XGBoost,tuned
0,0.0009833504,2247,0.9205243752560426,382,1.0,0.9205243752560426,1.0863373386737873,XGBoost,tuned
0,0.0009817624,2248,0.9209340434248259,382,1.0,0.9209340434248259,1.0858540925266904,XGBoost,tuned
0,0.0009808653,2249,0.9213437115936092,382,1.0,0.9213437115936092,1.0853712761227212,XGBoost,tuned
0,0.0009798515,2250,0.9217533797623925,382,1.0,0.9217533797623925,1.0848888888888888,XGBoost,tuned
0,0.0009789384,2251,0.9221630479311758,382,1.0,0.9221630479311758,1.0844069302532209,XGBoost,tuned
0,0.0009785104,2252,0.9225727160999591,382,1.0,0.9225727160999591,1.0839253996447602,XGBoost,tuned
0,0.0009731752,2253,0.9229823842687424,382,1.0,0.9229823842687424,1.083444296493564,XGBoost,tuned
0,0.0009688142,2254,0.9233920524375256,382,1.0,0.9233920524375256,1.082963620230701,XGBoost,tuned
0,0.00096424116,2255,0.9238017206063089,382,1.0,0.9238017206063089,1.0824833702882484,XGBoost,tuned
0,0.0009595632,2256,0.9242113887750921,382,1.0,0.9242113887750921,1.082003546099291,XGBoost,tuned
0,0.0009576794,2257,0.9246210569438754,382,1.0,0.9246210569438754,1.0815241470979176,XGBoost,tuned
0,0.0009525765,2258,0.9250307251126587,382,1.0,0.9250307251126587,1.0810451727192205,XGBoost,tuned
0,0.0009325525,2259,0.925440393281442,382,1.0,0.925440393281442,1.0805666223992918,XGBoost,tuned
0,0.0009224227,2260,0.9258500614502253,382,1.0,0.9258500614502253,1.0800884955752212,XGBoost,tuned
0,0.0009200125,2261,0.9262597296190086,382,1.0,0.9262597296190086,1.079610791685095,XGBoost,tuned
0,0.000919117,2262,0.9266693977877919,382,1.0,0.9266693977877919,1.0791335101679929,XGBoost,tuned
0,0.00090978685,2263,0.9270790659565752,382,1.0,0.9270790659565752,1.0786566504639858,XGBoost,tuned
0,0.0009050972,2264,0.9274887341253585,382,1.0,0.9274887341253585,1.0781802120141342,XGBoost,tuned
0,0.00090328796,2265,0.9278984022941418,382,1.0,0.9278984022941418,1.0777041942604857,XGBoost,tuned
0,0.00090046634,2266,0.9283080704629251,382,1.0,0.9283080704629251,1.0772285966460724,XGBoost,tuned
0,0.00089926174,2267,0.9287177386317084,382,1.0,0.9287177386317084,1.0767534186149095,XGBoost,tuned
0,0.0008922257,2268,0.9291274068004916,382,1.0,0.9291274068004916,1.076278659611993,XGBoost,tuned
0,0.000887986,2269,0.9295370749692748,382,1.0,0.9295370749692748,1.0758043190832967,XGBoost,tuned
0,0.0008858774,2270,0.9299467431380581,382,1.0,0.9299467431380581,1.075330396475771,XGBoost,tuned
0,0.0008769137,2271,0.9303564113068414,382,1.0,0.9303564113068414,1.0748568912373404,XGBoost,tuned
0,0.0008678838,2272,0.9307660794756247,382,1.0,0.9307660794756247,1.0743838028169015,XGBoost,tuned
0,0.0008659925,2273,0.931175747644408,382,1.0,0.931175747644408,1.0739111306643203,XGBoost,tuned
0,0.0008653529,2274,0.9315854158131913,382,1.0,0.9315854158131913,1.073438874230431,XGBoost,tuned
0,0.0008609265,2275,0.9319950839819746,382,1.0,0.9319950839819746,1.0729670329670329,XGBoost,tuned
0,0.00085886865,2276,0.9324047521507579,382,1.0,0.9324047521507579,1.0724956063268893,XGBoost,tuned
0,0.00085353514,2277,0.9328144203195412,382,1.0,0.9328144203195412,1.072024593763724,XGBoost,tuned
0,0.0008511486,2278,0.9332240884883245,382,1.0,0.9332240884883245,1.0715539947322212,XGBoost,tuned
0,0.0008442855,2279,0.9336337566571078,382,1.0,0.9336337566571078,1.071083808688021,XGBoost,tuned
0,0.0008413454,2280,0.934043424825891,382,1.0,0.934043424825891,1.0706140350877194,XGBoost,tuned
0,0.00084056007,2281,0.9344530929946743,382,1.0,0.9344530929946743,1.0701446733888647,XGBoost,tuned
0,0.00083218847,2282,0.9348627611634576,382,1.0,0.9348627611634576,1.0696757230499563,XGBoost,tuned
0,0.0008277612,2283,0.9352724293322409,382,1.0,0.9352724293322409,1.0692071835304424,XGBoost,tuned
0,0.000826508,2284,0.9356820975010242,382,1.0,0.9356820975010242,1.068739054290718,XGBoost,tuned
0,0.000823137,2285,0.9360917656698075,382,1.0,0.9360917656698075,1.0682713347921224,XGBoost,tuned
0,0.0008217193,2286,0.9365014338385907,382,1.0,0.9365014338385907,1.0678040244969378,XGBoost,tuned
0,0.00082060543,2287,0.936911102007374,382,1.0,0.936911102007374,1.0673371228683866,XGBoost,tuned
0,0.0008203447,2288,0.9373207701761573,382,1.0,0.9373207701761573,1.0668706293706294,XGBoost,tuned
0,0.00081824977,2289,0.9377304383449406,382,1.0,0.9377304383449406,1.0664045434687637,XGBoost,tuned
0,0.0008101711,2290,0.9381401065137239,382,1.0,0.9381401065137239,1.0659388646288208,XGBoost,tuned
0,0.00080946815,2291,0.9385497746825072,382,1.0,0.9385497746825072,1.0654735923177652,XGBoost,tuned
0,0.0007978167,2292,0.9389594428512904,382,1.0,0.9389594428512904,1.0650087260034904,XGBoost,tuned
0,0.0007939557,2293,0.9393691110200737,382,1.0,0.9393691110200737,1.0645442651548191,XGBoost,tuned
0,0.0007912341,2294,0.939778779188857,382,1.0,0.939778779188857,1.0640802092414996,XGBoost,tuned
0,0.0007895552,2295,0.9401884473576403,382,1.0,0.9401884473576403,1.0636165577342047,XGBoost,tuned
0,0.00078254525,2296,0.9405981155264236,382,1.0,0.9405981155264236,1.0631533101045296,XGBoost,tuned
0,0.0007803772,2297,0.9410077836952069,382,1.0,0.9410077836952069,1.0626904658249892,XGBoost,tuned
0,0.0007795384,2298,0.9414174518639902,382,1.0,0.9414174518639902,1.0622280243690165,XGBoost,tuned
0,0.0007775216,2299,0.9418271200327735,382,1.0,0.9418271200327735,1.0617659852109613,XGBoost,tuned
0,0.0007770465,2300,0.9422367882015568,382,1.0,0.9422367882015568,1.0613043478260868,XGBoost,tuned
0,0.0007769698,2301,0.9426464563703401,382,1.0,0.9426464563703401,1.0608431116905692,XGBoost,tuned
0,0.0007694627,2302,0.9430561245391234,382,1.0,0.9430561245391234,1.0603822762814943,XGBoost,tuned
0,0.00076828233,2303,0.9434657927079066,382,1.0,0.9434657927079066,1.0599218410768563,XGBoost,tuned
0,0.0007651071,2304,0.9438754608766898,382,1.0,0.9438754608766898,1.0594618055555556,XGBoost,tuned
0,0.0007614557,2305,0.9442851290454731,382,1.0,0.9442851290454731,1.059002169197397,XGBoost,tuned
0,0.0007539658,2306,0.9446947972142564,382,1.0,0.9446947972142564,1.0585429314830876,XGBoost,tuned
0,0.0007533801,2307,0.9451044653830397,382,1.0,0.9451044653830397,1.058084091894235,XGBoost,tuned
0,0.0007495589,2308,0.945514133551823,382,1.0,0.945514133551823,1.057625649913345,XGBoost,tuned
0,0.00074532616,2309,0.9459238017206063,382,1.0,0.9459238017206063,1.05716760502382,XGBoost,tuned
0,0.0007452903,2310,0.9463334698893896,382,1.0,0.9463334698893896,1.0567099567099567,XGBoost,tuned
0,0.0007400457,2311,0.9467431380581729,382,1.0,0.9467431380581729,1.056252704456945,XGBoost,tuned
0,0.00072963233,2312,0.9471528062269562,382,1.0,0.9471528062269562,1.055795847750865,XGBoost,tuned
0,0.00072646193,2313,0.9475624743957395,382,1.0,0.9475624743957395,1.0553393860786857,XGBoost,tuned
0,0.00072639645,2314,0.9479721425645228,382,1.0,0.9479721425645228,1.0548833189282627,XGBoost,tuned
0,0.0007189117,2315,0.9483818107333061,382,1.0,0.9483818107333061,1.0544276457883368,XGBoost,tuned
0,0.0007167117,2316,0.9487914789020893,382,1.0,0.9487914789020893,1.053972366148532,XGBoost,tuned
0,0.0007137967,2317,0.9492011470708726,382,1.0,0.9492011470708726,1.0535174794993527,XGBoost,tuned
0,0.000709921,2318,0.9496108152396558,382,1.0,0.9496108152396558,1.053062985332183,XGBoost,tuned
0,0.0007092512,2319,0.9500204834084391,382,1.0,0.9500204834084391,1.0526088831392841,XGBoost,tuned
0,0.0007075995,2320,0.9504301515772224,382,1.0,0.9504301515772224,1.0521551724137932,XGBoost,tuned
0,0.0007067894,2321,0.9508398197460057,382,1.0,0.9508398197460057,1.05170185264972,XGBoost,tuned
0,0.0007063911,2322,0.951249487914789,382,1.0,0.951249487914789,1.0512489233419466,XGBoost,tuned
0,0.00069745455,2323,0.9516591560835723,382,1.0,0.9516591560835723,1.0507963839862247,XGBoost,tuned
0,0.00069578626,2324,0.9520688242523556,382,1.0,0.9520688242523556,1.0503442340791738,XGBoost,tuned
0,0.00066968,2325,0.9524784924211389,382,1.0,0.9524784924211389,1.0498924731182795,XGBoost,tuned
0,0.00066607486,2326,0.9528881605899222,382,1.0,0.9528881605899222,1.0494411006018916,XGBoost,tuned
0,0.00066517305,2327,0.9532978287587055,382,1.0,0.9532978287587055,1.048990116029222,XGBoost,tuned
0,0.000656808,2328,0.9537074969274887,382,1.0,0.9537074969274887,1.0485395189003437,XGBoost,tuned
0,0.00065587414,2329,0.954117165096272,382,1.0,0.954117165096272,1.0480893087161873,XGBoost,tuned
0,0.0006557373,2330,0.9545268332650553,382,1.0,0.9545268332650553,1.0476394849785409,XGBoost,tuned
0,0.0006336959,2331,0.9549365014338386,382,1.0,0.9549365014338386,1.0471900471900473,XGBoost,tuned
0,0.0006326097,2332,0.9553461696026219,382,1.0,0.9553461696026219,1.0467409948542024,XGBoost,tuned
0,0.0006105679,2333,0.9557558377714052,382,1.0,0.9557558377714052,1.0462923274753537,XGBoost,tuned
0,0.0006021033,2334,0.9561655059401885,382,1.0,0.9561655059401885,1.0458440445586976,XGBoost,tuned
0,0.00059939845,2335,0.9565751741089717,382,1.0,0.9565751741089717,1.0453961456102783,XGBoost,tuned
0,0.000598176,2336,0.956984842277755,382,1.0,0.956984842277755,1.0449486301369864,XGBoost,tuned
0,0.0005910669,2337,0.9573945104465383,382,1.0,0.9573945104465383,1.0445014976465554,XGBoost,tuned
0,0.0005843162,2338,0.9578041786153216,382,1.0,0.9578041786153216,1.044054747647562,XGBoost,tuned
0,0.00058258954,2339,0.9582138467841049,382,1.0,0.9582138467841049,1.0436083796494229,XGBoost,tuned
0,0.0005812656,2340,0.9586235149528881,382,1.0,0.9586235149528881,1.0431623931623932,XGBoost,tuned
0,0.0005668282,2341,0.9590331831216714,382,1.0,0.9590331831216714,1.0427167876975652,XGBoost,tuned
0,0.0005638314,2342,0.9594428512904547,382,1.0,0.9594428512904547,1.042271562766866,XGBoost,tuned
0,0.00056071987,2343,0.959852519459238,382,1.0,0.959852519459238,1.041826717883056,XGBoost,tuned
0,0.00056033226,2344,0.9602621876280213,382,1.0,0.9602621876280213,1.041382252559727,XGBoost,tuned
0,0.00055937923,2345,0.9606718557968046,382,1.0,0.9606718557968046,1.0409381663113006,XGBoost,tuned
0,0.00055805984,2346,0.9610815239655879,382,1.0,0.9610815239655879,1.0404944586530265,XGBoost,tuned
0,0.0005579857,2347,0.9614911921343712,382,1.0,0.9614911921343712,1.04005112910098,XGBoost,tuned
0,0.0005560279,2348,0.9619008603031545,382,1.0,0.9619008603031545,1.0396081771720613,XGBoost,tuned
0,0.0005500831,2349,0.9623105284719378,382,1.0,0.9623105284719378,1.0391656023839932,XGBoost,tuned
0,0.00054802484,2350,0.9627201966407211,382,1.0,0.9627201966407211,1.038723404255319,XGBoost,tuned
0,0.00054712244,2351,0.9631298648095044,382,1.0,0.9631298648095044,1.038281582305402,XGBoost,tuned
0,0.0005457833,2352,0.9635395329782875,382,1.0,0.9635395329782875,1.0378401360544218,XGBoost,tuned
0,0.0005422085,2353,0.9639492011470708,382,1.0,0.9639492011470708,1.0373990650233744,XGBoost,tuned
0,0.00053584436,2354,0.9643588693158541,382,1.0,0.9643588693158541,1.0369583687340698,XGBoost,tuned
0,0.0005266706,2355,0.9647685374846374,382,1.0,0.9647685374846374,1.0365180467091295,XGBoost,tuned
0,0.000522817,2356,0.9651782056534207,382,1.0,0.9651782056534207,1.0360780984719864,XGBoost,tuned
0,0.00051752053,2357,0.965587873822204,382,1.0,0.965587873822204,1.0356385235468817,XGBoost,tuned
0,0.000509895,2358,0.9659975419909873,382,1.0,0.9659975419909873,1.0351993214588635,XGBoost,tuned
0,0.0005001406,2359,0.9664072101597706,382,1.0,0.9664072101597706,1.0347604917337856,XGBoost,tuned
0,0.00049385324,2360,0.9668168783285539,382,1.0,0.9668168783285539,1.034322033898305,XGBoost,tuned
0,0.0004933319,2361,0.9672265464973372,382,1.0,0.9672265464973372,1.0338839474798813,XGBoost,tuned
0,0.00048956,2362,0.9676362146661205,382,1.0,0.9676362146661205,1.0334462320067739,XGBoost,tuned
0,0.00048542136,2363,0.9680458828349038,382,1.0,0.9680458828349038,1.0330088870080405,XGBoost,tuned
0,0.00048332795,2364,0.968455551003687,382,1.0,0.968455551003687,1.0325719120135364,XGBoost,tuned
0,0.0004826006,2365,0.9688652191724703,382,1.0,0.9688652191724703,1.0321353065539112,XGBoost,tuned
0,0.00048144706,2366,0.9692748873412536,382,1.0,0.9692748873412536,1.0316990701606086,XGBoost,tuned
0,0.00048142642,2367,0.9696845555100368,382,1.0,0.9696845555100368,1.0312632023658639,XGBoost,tuned
0,0.000480335,2368,0.9700942236788201,382,1.0,0.9700942236788201,1.0308277027027026,XGBoost,tuned
0,0.00047256873,2369,0.9705038918476034,382,1.0,0.9705038918476034,1.0303925707049388,XGBoost,tuned
0,0.00046433762,2370,0.9709135600163867,382,1.0,0.9709135600163867,1.029957805907173,XGBoost,tuned
0,0.0004556861,2371,0.97132322818517,382,1.0,0.97132322818517,1.0295234078447912,XGBoost,tuned
0,0.000454863,2372,0.9717328963539533,382,1.0,0.9717328963539533,1.0290893760539628,XGBoost,tuned
0,0.00044697357,2373,0.9721425645227366,382,1.0,0.9721425645227366,1.0286557100716391,XGBoost,tuned
0,0.00043908638,2374,0.9725522326915199,382,1.0,0.9725522326915199,1.0282224094355517,XGBoost,tuned
0,0.00043729023,2375,0.9729619008603032,382,1.0,0.9729619008603032,1.0277894736842104,XGBoost,tuned
0,0.00043503277,2376,0.9733715690290864,382,1.0,0.9733715690290864,1.0273569023569025,XGBoost,tuned
0,0.00043213766,2377,0.9737812371978697,382,1.0,0.9737812371978697,1.0269246949936897,XGBoost,tuned
0,0.00042355456,2378,0.974190905366653,382,1.0,0.974190905366653,1.026492851135408,XGBoost,tuned
0,0.00042249335,2379,0.9746005735354363,382,1.0,0.9746005735354363,1.0260613703236654,XGBoost,tuned
0,0.00041833223,2380,0.9750102417042196,382,1.0,0.9750102417042196,1.0256302521008402,XGBoost,tuned
0,0.00041808982,2381,0.9754199098730029,382,1.0,0.9754199098730029,1.0251994960100799,XGBoost,tuned
0,0.00041180843,2382,0.9758295780417862,382,1.0,0.9758295780417862,1.024769101595298,XGBoost,tuned
0,0.00040945096,2383,0.9762392462105695,382,1.0,0.9762392462105695,1.024339068401175,XGBoost,tuned
0,0.00040629803,2384,0.9766489143793528,382,1.0,0.9766489143793528,1.0239093959731544,XGBoost,tuned
0,0.00039637432,2385,0.977058582548136,382,1.0,0.977058582548136,1.0234800838574423,XGBoost,tuned
0,0.00038960573,2386,0.9774682507169193,382,1.0,0.9774682507169193,1.0230511316010058,XGBoost,tuned
0,0.00038903416,2387,0.9778779188857026,382,1.0,0.9778779188857026,1.022622538751571,XGBoost,tuned
0,0.00037869133,2388,0.9782875870544858,382,1.0,0.9782875870544858,1.0221943048576214,XGBoost,tuned
0,0.00037289498,2389,0.9786972552232691,382,1.0,0.9786972552232691,1.0217664294683968,XGBoost,tuned
0,0.00037039188,2390,0.9791069233920524,382,1.0,0.9791069233920524,1.0213389121338912,XGBoost,tuned
0,0.00036870808,2391,0.9795165915608357,382,1.0,0.9795165915608357,1.0209117524048517,XGBoost,tuned
0,0.00036601056,2392,0.979926259729619,382,1.0,0.979926259729619,1.020484949832776,XGBoost,tuned
0,0.0003638838,2393,0.9803359278984023,382,1.0,0.9803359278984023,1.0200585039699122,XGBoost,tuned
0,0.00036235992,2394,0.9807455960671856,382,1.0,0.9807455960671856,1.0196324143692566,XGBoost,tuned
0,0.00035329862,2395,0.9811552642359689,382,1.0,0.9811552642359689,1.0192066805845512,XGBoost,tuned
0,0.00034760966,2396,0.9815649324047522,382,1.0,0.9815649324047522,1.0187813021702838,XGBoost,tuned
0,0.0003420033,2397,0.9819746005735355,382,1.0,0.9819746005735355,1.0183562786816853,XGBoost,tuned
0,0.0003378591,2398,0.9823842687423188,382,1.0,0.9823842687423188,1.0179316096747288,XGBoost,tuned
0,0.000337805,2399,0.9827939369111021,382,1.0,0.9827939369111021,1.0175072947061274,XGBoost,tuned
0,0.0003307901,2400,0.9832036050798852,382,1.0,0.9832036050798852,1.0170833333333333,XGBoost,tuned
0,0.00032745567,2401,0.9836132732486685,382,1.0,0.9836132732486685,1.0166597251145357,XGBoost,tuned
0,0.0003261617,2402,0.9840229414174518,382,1.0,0.9840229414174518,1.0162364696086594,XGBoost,tuned
0,0.0003186329,2403,0.9844326095862351,382,1.0,0.9844326095862351,1.0158135663753642,XGBoost,tuned
0,0.00031847678,2404,0.9848422777550184,382,1.0,0.9848422777550184,1.0153910149750416,XGBoost,tuned
0,0.00031564597,2405,0.9852519459238017,382,1.0,0.9852519459238017,1.014968814968815,XGBoost,tuned
0,0.00030535707,2406,0.985661614092585,382,1.0,0.985661614092585,1.0145469659185369,XGBoost,tuned
0,0.00029105105,2407,0.9860712822613683,382,1.0,0.9860712822613683,1.0141254673867885,XGBoost,tuned
0,0.0002904941,2408,0.9864809504301516,382,1.0,0.9864809504301516,1.013704318936877,XGBoost,tuned
0,0.0002893945,2409,0.9868906185989349,382,1.0,0.9868906185989349,1.0132835201328352,XGBoost,tuned
0,0.00028254086,2410,0.9873002867677182,382,1.0,0.9873002867677182,1.012863070539419,XGBoost,tuned
0,0.00027764632,2411,0.9877099549365015,382,1.0,0.9877099549365015,1.012442969722107,XGBoost,tuned
0,0.00026713367,2412,0.9881196231052847,382,1.0,0.9881196231052847,1.012023217247098,XGBoost,tuned
0,0.00026240965,2413,0.988529291274068,382,1.0,0.988529291274068,1.0116038126813096,XGBoost,tuned
0,0.00025804035,2414,0.9889389594428513,382,1.0,0.9889389594428513,1.0111847555923779,XGBoost,tuned
0,0.00025451553,2415,0.9893486276116346,382,1.0,0.9893486276116346,1.0107660455486542,XGBoost,tuned
0,0.00025224686,2416,0.9897582957804179,382,1.0,0.9897582957804179,1.0103476821192052,XGBoost,tuned
0,0.00025016099,2417,0.9901679639492011,382,1.0,0.9901679639492011,1.0099296648738105,XGBoost,tuned
0,0.000249519,2418,0.9905776321179844,382,1.0,0.9905776321179844,1.009511993382961,XGBoost,tuned
0,0.00024339453,2419,0.9909873002867677,382,1.0,0.9909873002867677,1.0090946672178587,XGBoost,tuned
0,0.00023892,2420,0.991396968455551,382,1.0,0.991396968455551,1.0086776859504132,XGBoost,tuned
0,0.00023869483,2421,0.9918066366243343,382,1.0,0.9918066366243343,1.0082610491532424,XGBoost,tuned
0,0.00023730131,2422,0.9922163047931176,382,1.0,0.9922163047931176,1.0078447563996698,XGBoost,tuned
0,0.0002371032,2423,0.9926259729619009,382,1.0,0.9926259729619009,1.0074288072637225,XGBoost,tuned
0,0.00023403495,2424,0.9930356411306841,382,1.0,0.9930356411306841,1.007013201320132,XGBoost,tuned
0,0.00023009193,2425,0.9934453092994674,382,1.0,0.9934453092994674,1.00659793814433,XGBoost,tuned
0,0.00021804696,2426,0.9938549774682507,382,1.0,0.9938549774682507,1.0061830173124484,XGBoost,tuned
0,0.00020274286,2427,0.994264645637034,382,1.0,0.994264645637034,1.0057684384013186,XGBoost,tuned
0,0.00020190234,2428,0.9946743138058173,382,1.0,0.9946743138058173,1.005354200988468,XGBoost,tuned
0,0.0002010149,2429,0.9950839819746006,382,1.0,0.9950839819746006,1.0049403046521201,XGBoost,tuned
0,0.000194755,2430,0.9954936501433839,382,1.0,0.9954936501433839,1.0045267489711933,XGBoost,tuned
0,0.0001932692,2431,0.9959033183121672,382,1.0,0.9959033183121672,1.0041135335252982,XGBoost,tuned
0,0.0001925008,2432,0.9963129864809505,382,1.0,0.9963129864809505,1.0037006578947367,XGBoost,tuned
0,0.0001783473,2433,0.9967226546497338,382,1.0,0.9967226546497338,1.0032881216605014,XGBoost,tuned
0,0.00017366481,2434,0.997132322818517,382,1.0,0.997132322818517,1.0028759244042726,XGBoost,tuned
0,0.00017328816,2435,0.9975419909873003,382,1.0,0.9975419909873003,1.0024640657084187,XGBoost,tuned
0,0.0001722983,2436,0.9979516591560835,382,1.0,0.9979516591560835,1.0020525451559934,XGBoost,tuned
0,0.00017006267,2437,0.9983613273248668,382,1.0,0.9983613273248668,1.0016413623307345,XGBoost,tuned
0,0.00016947892,2438,0.9987709954936501,382,1.0,0.9987709954936501,1.0012305168170632,XGBoost,tuned
0,0.00015729041,2439,0.9991806636624334,382,1.0,0.9991806636624334,1.000820008200082,XGBoost,tuned
0,0.00014399942,2440,0.9995903318312167,382,1.0,0.9995903318312167,1.0004098360655738,XGBoost,tuned
0,0.00013458278,2441,1.0,382,1.0,1.0,1.0,XGBoost,tuned
